;Name;Time;Price;Min_price_24h;Max_price_24h;Market_cap;Vol_24h
0;1inch;2022-11-16 18:24:50.990833;$0.525937;$0.518301;$0.544801;$327,257,574;$20,044,785
1;1inch;2022-11-16 17:59:03.829788;$0.523920;$0.518301;$0.544801;$326,317,040;$20,189,030
2;1inch;2022-11-16 18:31:20.517608;$0.526769;$0.518301;$0.544801;$327,257,574;$20,295,031
3;1inch;2022-11-16 18:37:44.567425;$0.525956;$0.518301;$0.544801;$327,484,368;$20,026,273
4;1inch;2022-11-16 18:18:26.179425;$0.525451;$0.518301;$0.544801;$326,460,280;$20,059,599
5;1inch;2022-11-16 17:52:39.254623;$0.525352;$0.518301;$0.544801;$326,317,040;$20,239,291
6;1inch;2022-11-16 17:46:12.812009;$0.523191;$0.518301;$0.544801;$324,692,300;$20,185,321
7;1inch;2022-11-16 18:05:28.090591;$0.525704;$0.518301;$0.544801;$325,960,301;$20,381,462
8;1inch;2022-11-16 18:11:56.118130;$0.525445;$0.518301;$0.544801;$326,460,280;$20,107,460
9;1inch;2022-11-16 17:37:53.932612;$0.522858;$0.518301;$0.544801;$325,220,406;$20,180,498
10;aave;2022-11-16 18:24:50.990833;$58.46;$57.60;$62.32;$832,769,680;$93,289,381
11;aave;2022-11-16 17:37:53.932612;$58.34;$57.60;$62.72;$822,928,069;$90,712,522
12;aave;2022-11-16 18:37:44.567425;$58.41;$57.60;$62.28;$827,943,931;$94,933,543
13;aave;2022-11-16 17:52:39.254623;$58.56;$57.60;$62.63;$828,816,176;$91,461,404
14;aave;2022-11-16 18:18:26.179425;$58.69;$57.60;$62.32;$831,146,271;$91,636,498
15;aave;2022-11-16 17:59:03.829788;$58.51;$57.60;$62.56;$828,816,176;$91,471,578
16;aave;2022-11-16 18:05:28.090591;$58.50;$57.60;$62.46;$829,344,297;$91,143,006
17;aave;2022-11-16 18:11:56.118130;$58.70;$57.60;$62.32;$831,146,271;$91,436,911
18;aave;2022-11-16 17:46:12.812009;$58.34;$57.60;$62.72;$825,424,471;$90,847,710
19;aave;2022-11-16 18:31:20.517608;$58.48;$57.60;$62.32;$832,769,680;$94,401,924
20;algorand;2022-11-16 18:31:20.517608;$0.272630;$0.267397;$0.298473;$1,945,305,730;$242,477,745
21;algorand;2022-11-16 17:37:53.932612;$0.270479;$0.267397;$0.298473;$1,915,589,546;$245,685,915
22;algorand;2022-11-16 17:46:12.812009;$0.271026;$0.267397;$0.298473;$1,921,644,371;$244,462,445
23;algorand;2022-11-16 17:59:03.829788;$0.272918;$0.267397;$0.298473;$1,941,101,963;$244,796,760
24;algorand;2022-11-16 18:24:50.990833;$0.273159;$0.267397;$0.298473;$1,945,305,730;$242,902,812
25;algorand;2022-11-16 18:18:26.179425;$0.273590;$0.267397;$0.298473;$1,943,695,615;$243,373,496
26;algorand;2022-11-16 18:05:28.090591;$0.273273;$0.267397;$0.298473;$1,940,032,904;$244,087,126
27;algorand;2022-11-16 17:52:39.254623;$0.273557;$0.267397;$0.298473;$1,941,101,963;$245,319,758
28;algorand;2022-11-16 18:37:44.567425;$0.272558;$0.267397;$0.298473;$1,935,019,323;$242,405,669
29;algorand;2022-11-16 18:11:56.118130;$0.273732;$0.267397;$0.298473;$1,943,695,615;$243,868,776
30;apecoin;2022-11-16 18:11:56.118130;$2.91;$2.85;$3.08;$914,933,397;$138,314,662
31;apecoin;2022-11-16 18:18:26.179425;$2.91;$2.85;$3.08;$914,933,397;$138,318,211
32;apecoin;2022-11-16 17:52:39.254623;$2.92;$2.85;$3.08;$915,856,615;$141,382,243
33;apecoin;2022-11-16 17:46:12.812009;$2.91;$2.85;$3.08;$910,503,890;$140,972,232
34;apecoin;2022-11-16 18:37:44.567425;$2.91;$2.85;$3.08;$911,745,747;$136,160,513
35;apecoin;2022-11-16 17:59:03.829788;$2.91;$2.85;$3.08;$915,856,615;$138,697,388
36;apecoin;2022-11-16 18:05:28.090591;$2.90;$2.85;$3.08;$912,682,676;$138,206,783
37;apecoin;2022-11-16 18:31:20.517608;$2.90;$2.85;$3.08;$915,438,422;$136,742,377
38;apecoin;2022-11-16 18:24:50.990833;$2.91;$2.85;$3.08;$915,438,422;$137,539,037
39;apecoin;2022-11-16 17:37:53.932612;$2.90;$2.85;$3.08;$904,295,843;$140,927,195
40;aptos;2022-11-16 17:37:53.932612;$4.67;$4.20;$4.67;$606,463,486;$116,086,558
41;aptos;2022-11-16 18:31:20.517608;$4.71;$4.20;$4.74;$610,856,701;$131,340,328
42;aptos;2022-11-16 18:05:28.090591;$4.70;$4.20;$4.69;$610,265,890;$125,535,902
43;aptos;2022-11-16 17:59:03.829788;$4.66;$4.20;$4.69;$609,821,266;$120,732,338
44;aptos;2022-11-16 18:18:26.179425;$4.69;$4.20;$4.70;$610,492,170;$126,285,963
45;aptos;2022-11-16 17:46:12.812009;$4.66;$4.20;$4.67;$603,470,061;$121,219,805
46;aptos;2022-11-16 18:11:56.118130;$4.70;$4.20;$4.70;$610,492,170;$125,729,208
47;aptos;2022-11-16 17:52:39.254623;$4.68;$4.20;$4.69;$609,821,266;$120,212,461
48;aptos;2022-11-16 18:24:50.990833;$4.73;$4.20;$4.70;$610,856,701;$130,296,819
49;aptos;2022-11-16 18:37:44.567425;$4.70;$4.20;$4.74;$611,394,946;$133,876,232
50;arweave;2022-11-16 17:52:39.254623;$9.50;$9.09;$10.65;$475,997,841;$71,547,866
51;arweave;2022-11-16 18:05:28.090591;$9.48;$9.09;$10.65;$474,816,209;$71,030,158
52;arweave;2022-11-16 17:46:12.812009;$9.46;$9.09;$10.65;$472,058,631;$71,519,240
53;arweave;2022-11-16 18:31:20.517608;$9.47;$9.09;$10.65;$476,086,543;$70,213,055
54;arweave;2022-11-16 17:59:03.829788;$9.48;$9.09;$10.65;$475,997,841;$71,171,900
55;arweave;2022-11-16 18:18:26.179425;$9.48;$9.09;$10.65;$476,335,959;$71,141,160
56;arweave;2022-11-16 17:37:53.932612;$9.43;$9.09;$10.65;$470,835,242;$71,423,583
57;arweave;2022-11-16 18:37:44.567425;$9.48;$9.09;$10.65;$474,593,871;$71,024,922
58;arweave;2022-11-16 18:11:56.118130;$9.51;$9.09;$10.65;$476,335,959;$71,141,339
59;arweave;2022-11-16 18:24:50.990833;$9.49;$9.09;$10.65;$476,086,543;$71,113,201
60;avalanche;2022-11-16 18:31:20.517608;$13.05;$12.93;$13.98;$3,926,343,214;$165,957,640
61;avalanche;2022-11-16 18:37:44.567425;$13.07;$12.93;$13.98;$3,923,775,702;$165,805,977
62;avalanche;2022-11-16 17:46:12.812009;$13.04;$12.93;$13.98;$3,914,728,693;$173,188,999
63;avalanche;2022-11-16 18:11:56.118130;$13.06;$12.93;$13.98;$3,923,802,282;$168,027,778
64;avalanche;2022-11-16 18:05:28.090591;$13.07;$12.93;$13.98;$3,926,945,872;$169,228,259
65;avalanche;2022-11-16 17:59:03.829788;$13.06;$12.93;$13.98;$3,933,415,998;$172,660,438
66;avalanche;2022-11-16 18:18:26.179425;$13.05;$12.93;$13.98;$3,923,802,282;$166,345,773
67;avalanche;2022-11-16 17:37:53.932612;$13.04;$12.93;$13.98;$3,905,607,235;$173,661,983
68;avalanche;2022-11-16 18:24:50.990833;$13.05;$12.93;$13.98;$3,926,343,214;$166,591,412
69;avalanche;2022-11-16 17:52:39.254623;$13.09;$12.93;$13.98;$3,933,415,998;$173,491,680
70;axie-infinity;2022-11-16 18:24:50.990833;$7.11;$6.98;$7.43;$777,082,208;$83,174,273
71;axie-infinity;2022-11-16 18:18:26.179425;$7.10;$6.98;$7.43;$775,898,436;$83,046,606
72;axie-infinity;2022-11-16 17:59:03.829788;$7.11;$6.98;$7.43;$777,153,908;$83,780,075
73;axie-infinity;2022-11-16 18:05:28.090591;$7.11;$6.98;$7.43;$775,355,641;$83,326,707
74;axie-infinity;2022-11-16 17:46:12.812009;$7.11;$6.98;$7.43;$773,155,746;$83,805,938
75;axie-infinity;2022-11-16 18:11:56.118130;$7.11;$6.98;$7.43;$775,898,436;$83,340,414
76;axie-infinity;2022-11-16 17:52:39.254623;$7.13;$6.98;$7.43;$777,153,908;$84,039,274
77;axie-infinity;2022-11-16 17:37:53.932612;$7.09;$6.98;$7.43;$770,430,489;$83,669,268
78;axie-infinity;2022-11-16 18:31:20.517608;$7.11;$6.98;$7.43;$777,082,208;$82,957,803
79;axie-infinity;2022-11-16 18:37:44.567425;$7.12;$6.98;$7.43;$775,934,770;$82,911,160
80;basic-attention-token;2022-11-16 18:24:50.990833;$0.226676;$0.223610;$0.237099;$339,757,941;$21,347,318
81;basic-attention-token;2022-11-16 18:37:44.567425;$0.226401;$0.223610;$0.236973;$339,020,226;$21,265,112
82;basic-attention-token;2022-11-16 18:18:26.179425;$0.226744;$0.223610;$0.237099;$339,457,424;$21,359,056
83;basic-attention-token;2022-11-16 18:31:20.517608;$0.226386;$0.223610;$0.237099;$339,757,941;$21,290,110
84;basic-attention-token;2022-11-16 17:59:03.829788;$0.226609;$0.223610;$0.237099;$339,496,413;$21,529,084
85;basic-attention-token;2022-11-16 17:37:53.932612;$0.225572;$0.223610;$0.237361;$336,870,009;$21,414,667
86;basic-attention-token;2022-11-16 18:11:56.118130;$0.226744;$0.223610;$0.237099;$339,457,424;$21,404,534
87;basic-attention-token;2022-11-16 17:52:39.254623;$0.226960;$0.223610;$0.237277;$339,496,413;$21,531,006
88;basic-attention-token;2022-11-16 18:05:28.090591;$0.226539;$0.223610;$0.237099;$339,172,326;$21,429,736
89;basic-attention-token;2022-11-16 17:46:12.812009;$0.226054;$0.223610;$0.237361;$337,651,115;$21,474,442
90;binance-usd;2022-11-16 18:31:20.517608;$1.00;$0.987682;$1.01;$23,240,693,907;$8,544,018,774
91;binance-usd;2022-11-16 17:37:53.932612;$1.00;$0.987682;$1.01;$23,198,402,870;$8,650,534,366
92;binance-usd;2022-11-16 17:52:39.254623;$1.00;$0.987682;$1.01;$23,266,347,126;$8,668,232,218
93;binance-usd;2022-11-16 17:59:03.829788;$1.00;$0.987682;$1.01;$23,266,347,126;$8,663,080,567
94;binance-usd;2022-11-16 18:37:44.567425;$1.00;$0.987682;$1.01;$23,220,105,390;$8,534,998,706
95;binance-usd;2022-11-16 18:24:50.990833;$1.00;$0.987682;$1.01;$23,240,693,907;$8,561,949,193
96;binance-usd;2022-11-16 18:11:56.118130;$1.00;$0.987682;$1.01;$23,222,578,317;$8,575,142,398
97;binance-usd;2022-11-16 17:46:12.812009;$1.00;$0.987682;$1.01;$23,201,235,093;$8,655,520,302
98;binance-usd;2022-11-16 18:05:28.090591;$1.00;$0.987682;$1.01;$23,236,764,490;$8,578,146,687
99;binance-usd;2022-11-16 18:18:26.179425;$1.00;$0.987682;$1.01;$23,222,578,317;$8,566,102,825
100;bitcoin;2022-11-16 18:18:26.179425;$16,523.99;$16,437.01;$17,071.74;$317,502,451,614;$28,040,696,963
101;bitcoin;2022-11-16 18:11:56.118130;$16,528.79;$16,437.01;$17,071.74;$317,468,038,156;$27,933,231,500
102;bitcoin;2022-11-16 17:52:39.254623;$16,550.46;$16,437.01;$17,071.74;$317,920,708,245;$28,063,498,782
103;bitcoin;2022-11-16 18:05:28.090591;$16,529.50;$16,437.01;$17,071.74;$317,468,038,156;$28,076,892,471
104;bitcoin;2022-11-16 17:59:03.829788;$16,535.00;$16,437.01;$17,071.74;$317,920,708,245;$28,097,578,499
105;bitcoin;2022-11-16 18:24:50.990833;$16,531.85;$16,437.01;$17,071.74;$317,614,651,270;$28,032,897,351
106;bitcoin;2022-11-16 18:37:44.567425;$16,537.86;$16,437.01;$17,071.74;$317,520,237,343;$28,063,926,315
107;bitcoin;2022-11-16 17:37:53.932612;$16,461.13;$16,437.01;$17,071.74;$315,970,741,315;$27,921,668,674
108;bitcoin;2022-11-16 18:31:20.517608;$16,521.40;$16,437.01;$17,071.74;$317,614,651,270;$28,042,443,599
109;bitcoin;2022-11-16 17:46:12.812009;$16,471.99;$16,437.01;$17,071.74;$316,021,027,022;$27,889,749,615
110;bitcoin-cash;2022-11-16 17:52:39.254623;$105.56;$103.14;$109.51;$2,029,697,347;$461,856,590
111;bitcoin-cash;2022-11-16 18:05:28.090591;$105.54;$103.14;$109.51;$2,029,302,836;$462,518,625
112;bitcoin-cash;2022-11-16 18:11:56.118130;$105.57;$103.14;$109.51;$2,030,272,715;$462,830,002
113;bitcoin-cash;2022-11-16 18:37:44.567425;$105.44;$103.14;$109.51;$2,027,875,607;$463,243,038
114;bitcoin-cash;2022-11-16 17:46:12.812009;$105.13;$103.14;$109.51;$2,020,632,268;$459,241,899
115;bitcoin-cash;2022-11-16 17:37:53.932612;$105.24;$103.14;$109.51;$2,022,699,314;$485,398,732
116;bitcoin-cash;2022-11-16 18:18:26.179425;$105.51;$103.14;$109.51;$2,030,272,715;$462,245,214
117;bitcoin-cash;2022-11-16 18:24:50.990833;$105.57;$103.14;$109.51;$2,031,422,608;$462,695,438
118;bitcoin-cash;2022-11-16 18:31:20.517608;$105.48;$103.14;$109.51;$2,031,422,608;$462,697,735
119;bitcoin-cash;2022-11-16 17:59:03.829788;$105.31;$103.14;$109.51;$2,029,697,347;$461,328,935
120;bitcoin-sv;2022-11-16 18:31:20.517608;$38.39;$38.11;$39.75;$740,355,649;$16,854,492
121;bitcoin-sv;2022-11-16 18:18:26.179425;$38.48;$38.11;$39.75;$739,541,002;$16,893,415
122;bitcoin-sv;2022-11-16 18:11:56.118130;$38.47;$38.11;$39.75;$739,541,002;$17,014,684
123;bitcoin-sv;2022-11-16 18:37:44.567425;$38.42;$38.11;$39.75;$738,191,838;$16,876,993
124;bitcoin-sv;2022-11-16 17:37:53.932612;$38.38;$38.11;$39.75;$735,293,626;$17,874,072
125;bitcoin-sv;2022-11-16 17:52:39.254623;$38.47;$38.11;$39.75;$739,463,612;$17,197,557
126;bitcoin-sv;2022-11-16 18:24:50.990833;$38.46;$38.11;$39.75;$740,355,649;$16,999,422
127;bitcoin-sv;2022-11-16 18:05:28.090591;$38.43;$38.11;$39.75;$738,820,136;$17,003,746
128;bitcoin-sv;2022-11-16 17:59:03.829788;$38.43;$38.11;$39.75;$739,463,612;$17,738,669
129;bitcoin-sv;2022-11-16 17:46:12.812009;$38.37;$38.11;$39.75;$737,585,509;$17,039,329
130;bitdao;2022-11-16 18:24:50.990833;$0.302266;$0.294905;$0.314581;$325,217,093;$18,200,353
131;bitdao;2022-11-16 17:37:53.932612;$0.300428;$0.294905;$0.314581;$322,779,682;$18,019,179
132;bitdao;2022-11-16 18:11:56.118130;$0.302067;$0.294905;$0.314581;$324,830,790;$18,183,129
133;bitdao;2022-11-16 18:31:20.517608;$0.302216;$0.294905;$0.314581;$325,217,093;$18,198,737
134;bitdao;2022-11-16 17:52:39.254623;$0.302234;$0.294905;$0.314581;$324,861,138;$18,126,363
135;bitdao;2022-11-16 18:05:28.090591;$0.302051;$0.294905;$0.314581;$324,829,325;$18,186,847
136;bitdao;2022-11-16 18:37:44.567425;$0.302293;$0.294905;$0.314581;$324,980,132;$18,202,333
137;bitdao;2022-11-16 17:59:03.829788;$0.301774;$0.294905;$0.314581;$324,861,138;$18,095,562
138;bitdao;2022-11-16 17:46:12.812009;$0.300936;$0.294905;$0.314581;$323,146,629;$18,047,833
139;bitdao;2022-11-16 18:18:26.179425;$0.302054;$0.294905;$0.314581;$324,830,790;$18,187,151
140;bittorrent;2022-11-16 17:59:03.829788;$0.000000669978;$0.000000667933;$0.000000698516;$635,405,305;$7,611,985
141;bittorrent;2022-11-16 17:37:53.932612;$0.000000674344;$0.000000667933;$0.000000698516;$637,246,744;$7,681,204
142;bittorrent;2022-11-16 18:24:50.990833;$0.000000673948;$0.000000667933;$0.000000698516;$637,239,518;$7,645,511
143;bittorrent;2022-11-16 17:52:39.254623;$0.000000671960;$0.000000667933;$0.000000698516;$635,405,305;$7,616,152
144;bittorrent;2022-11-16 18:05:28.090591;$0.000000674566;$0.000000667933;$0.000000698516;$633,107,564;$7,644,217
145;bittorrent;2022-11-16 18:31:20.517608;$0.000000670049;$0.000000667933;$0.000000698516;$637,239,518;$7,602,726
146;bittorrent;2022-11-16 17:46:12.812009;$0.000000670119;$0.000000667933;$0.000000698516;$636,157,242;$7,583,861
147;bittorrent;2022-11-16 18:37:44.567425;$0.000000671020;$0.000000667933;$0.000000698305;$632,279,322;$7,629,822
148;bittorrent;2022-11-16 18:11:56.118130;$0.000000672370;$0.000000667933;$0.000000698516;$635,639,782;$7,636,922
149;bittorrent;2022-11-16 18:18:26.179425;$0.000000673391;$0.000000667933;$0.000000698516;$635,639,782;$7,638,143
150;bnb;2022-11-16 18:11:56.118130;$272.19;$269.94;$280.86;$44,457,231,923;$877,712,134
151;bnb;2022-11-16 18:05:28.090591;$272.28;$269.94;$280.86;$44,457,231,923;$780,625,974
152;bnb;2022-11-16 18:24:50.990833;$272.55;$269.94;$280.86;$44,483,094,514;$748,090,533
153;bnb;2022-11-16 18:37:44.567425;$272.64;$269.94;$280.86;$44,501,883,876;$924,212,618
154;bnb;2022-11-16 17:59:03.829788;$272.16;$269.94;$280.86;$44,424,409,761;$868,618,192
155;bnb;2022-11-16 17:52:39.254623;$272.11;$269.94;$280.86;$44,424,409,761;$913,217,939
156;bnb;2022-11-16 18:31:20.517608;$272.47;$269.94;$280.86;$44,483,094,514;$924,444,433
157;bnb;2022-11-16 18:18:26.179425;$272.08;$269.94;$280.86;$44,443,067,635;$835,107,599
158;bnb;2022-11-16 17:46:12.812009;$271.05;$269.94;$280.86;$44,263,536,069;$846,367,410
159;bnb;2022-11-16 17:37:53.932612;$271.06;$269.94;$280.86;$44,220,584,426;$906,839,926
160;btse-token;2022-11-16 17:46:12.812009;$3.42;$3.01;$3.66;$554,481,703;$121,032
161;btse-token;2022-11-16 18:11:56.118130;$3.42;$3.01;$3.66;$554,557,317;$110,534
162;btse-token;2022-11-16 18:05:28.090591;$3.42;$3.01;$3.66;$554,629,426;$110,530
163;btse-token;2022-11-16 17:59:03.829788;$3.42;$3.01;$3.66;$555,174,490;$121,085
164;btse-token;2022-11-16 18:24:50.990833;$3.42;$3.01;$3.66;$555,009,427;$110,482
165;btse-token;2022-11-16 17:52:39.254623;$3.42;$3.01;$3.66;$555,174,490;$121,085
166;btse-token;2022-11-16 18:37:44.567425;$3.42;$3.01;$3.66;$554,571,979;$110,575
167;btse-token;2022-11-16 18:31:20.517608;$3.42;$3.01;$3.66;$555,009,427;$110,576
168;btse-token;2022-11-16 17:37:53.932612;$3.42;$3.01;$3.66;$549,926,832;$121,034
169;btse-token;2022-11-16 18:18:26.179425;$3.42;$3.01;$3.66;$554,557,317;$110,519
170;cardano;2022-11-16 18:11:56.118130;$0.329815;$0.326728;$0.344745;$11,558,375,596;$307,480,561
171;cardano;2022-11-16 18:05:28.090591;$0.329626;$0.326728;$0.344745;$11,551,192,103;$307,608,593
172;cardano;2022-11-16 18:31:20.517608;$0.330227;$0.326728;$0.344745;$11,574,055,764;$308,564,511
173;cardano;2022-11-16 17:52:39.254623;$0.330626;$0.326728;$0.344745;$11,583,936,244;$307,342,091
174;cardano;2022-11-16 17:37:53.932612;$0.328761;$0.326728;$0.344745;$11,501,723,465;$305,193,871
175;cardano;2022-11-16 17:46:12.812009;$0.328934;$0.326728;$0.344745;$11,516,252,839;$305,574,275
176;cardano;2022-11-16 18:18:26.179425;$0.329619;$0.326728;$0.344745;$11,558,375,596;$307,642,793
177;cardano;2022-11-16 17:59:03.829788;$0.329565;$0.326728;$0.344745;$11,583,936,244;$308,340,240
178;cardano;2022-11-16 18:24:50.990833;$0.330083;$0.326728;$0.344745;$11,574,055,764;$308,581,919
179;cardano;2022-11-16 18:37:44.567425;$0.330614;$0.326728;$0.344745;$11,580,003,389;$308,655,610
180;chain;2022-11-16 17:52:39.254623;$0.047668630719;$0.046997360223;$0.050782109849;$1,024,000,134;$15,915,792
181;chain;2022-11-16 18:24:50.990833;$0.047608468646;$0.046997360223;$0.050782109849;$1,023,311,476;$16,097,410
182;chain;2022-11-16 17:46:12.812009;$0.047732103276;$0.046997360223;$0.050782109849;$1,027,449,667;$15,779,108
183;chain;2022-11-16 17:37:53.932612;$0.047786978181;$0.046997360223;$0.050782109849;$1,025,932,771;$15,697,306
184;chain;2022-11-16 18:18:26.179425;$0.047597053568;$0.046997360223;$0.050782109849;$1,022,886,093;$16,078,519
185;chain;2022-11-16 18:11:56.118130;$0.047614007841;$0.046997360223;$0.050782109849;$1,022,886,093;$16,032,001
186;chain;2022-11-16 18:05:28.090591;$0.047611534713;$0.046997360223;$0.050782109849;$1,022,788,508;$15,975,334
187;chain;2022-11-16 18:31:20.517608;$0.047621555650;$0.046997360223;$0.050782109849;$1,023,311,476;$16,169,765
188;chain;2022-11-16 18:37:44.567425;$0.047584451815;$0.046997360223;$0.050782109849;$1,023,145,670;$16,215,111
189;chain;2022-11-16 17:59:03.829788;$0.047641207754;$0.046997360223;$0.050782109849;$1,024,000,134;$15,941,309
190;chainlink;2022-11-16 17:46:12.812009;$6.20;$6.14;$6.60;$3,041,756,745;$337,068,363
191;chainlink;2022-11-16 17:52:39.254623;$6.22;$6.14;$6.60;$3,057,441,449;$339,142,538
192;chainlink;2022-11-16 17:59:03.829788;$6.21;$6.14;$6.60;$3,057,441,449;$338,903,875
193;chainlink;2022-11-16 17:37:53.932612;$6.19;$6.14;$6.60;$3,036,111,375;$338,654,712
194;chainlink;2022-11-16 18:18:26.179425;$6.20;$6.14;$6.60;$3,051,000,309;$331,699,654
195;chainlink;2022-11-16 18:05:28.090591;$6.20;$6.14;$6.60;$3,050,927,519;$333,421,982
196;chainlink;2022-11-16 18:11:56.118130;$6.21;$6.14;$6.60;$3,051,000,309;$333,177,797
197;chainlink;2022-11-16 18:37:44.567425;$6.21;$6.14;$6.60;$3,049,431,109;$330,187,515
198;chainlink;2022-11-16 18:24:50.990833;$6.21;$6.14;$6.60;$3,055,143,556;$331,642,582
199;chainlink;2022-11-16 18:31:20.517608;$6.20;$6.14;$6.60;$3,055,143,556;$330,786,967
200;chiliz;2022-11-16 17:52:39.254623;$0.230238;$0.213186;$0.240316;$1,230,601,901;$973,498,228
201;chiliz;2022-11-16 18:37:44.567425;$0.230836;$0.213186;$0.240316;$1,230,254,452;$972,026,293
202;chiliz;2022-11-16 18:11:56.118130;$0.230850;$0.213186;$0.240316;$1,233,454,452;$977,410,286
203;chiliz;2022-11-16 18:31:20.517608;$0.230093;$0.213186;$0.240316;$1,233,990,383;$972,418,258
204;chiliz;2022-11-16 17:37:53.932612;$0.227384;$0.213186;$0.240316;$1,208,174,362;$970,482,383
205;chiliz;2022-11-16 17:46:12.812009;$0.228341;$0.213186;$0.240316;$1,217,356,582;$972,319,959
206;chiliz;2022-11-16 17:59:03.829788;$0.230385;$0.213186;$0.240316;$1,230,601,901;$971,033,739
207;chiliz;2022-11-16 18:18:26.179425;$0.230512;$0.213186;$0.240316;$1,233,454,452;$978,206,192
208;chiliz;2022-11-16 18:24:50.990833;$0.230349;$0.213186;$0.240316;$1,233,990,383;$975,132,019
209;chiliz;2022-11-16 18:05:28.090591;$0.230095;$0.213186;$0.240316;$1,230,007,518;$975,871,778
210;compound-dai;2022-11-16 17:59:03.829788;$0.022108039920;$0.022027488303;$0.022190850900;$463,675,038;$5,100.97
211;compound-dai;2022-11-16 18:18:26.179425;$0.022120561180;$0.022027488303;$0.022190850900;$463,149,900;$5,124.73
212;compound-dai;2022-11-16 18:11:56.118130;$0.022120561180;$0.022027488303;$0.022190850900;$463,149,900;$5,126.37
213;compound-dai;2022-11-16 18:05:28.090591;$0.022128146922;$0.022027488303;$0.022190850900;$463,308,726;$5,091.63
214;compound-dai;2022-11-16 18:24:50.990833;$0.022120561180;$0.022027488303;$0.022190850900;$463,149,900;$5,134.28
215;compound-dai;2022-11-16 17:52:39.254623;$0.022108039920;$0.022027488303;$0.022190850900;$463,675,038;$5,132.15
216;compound-dai;2022-11-16 17:46:12.812009;$0.022108039920;$0.022027488303;$0.022190850900;$463,675,038;$5,101.08
217;compound-dai;2022-11-16 18:37:44.567425;$0.022120561180;$0.022027488303;$0.022190850900;$463,149,900;$5,128.24
218;compound-dai;2022-11-16 17:37:53.932612;$0.022108039920;$0.022027488303;$0.022190850900;$463,675,038;$40.47
219;compound-dai;2022-11-16 18:31:20.517608;$0.022120561180;$0.022027488303;$0.022190850900;$463,149,900;$5,123.27
220;compound-ether;2022-11-16 17:59:03.829788;$23.98;$23.98;$25.46;$394,306,151;$13.51
221;compound-ether;2022-11-16 17:52:39.254623;$23.98;$23.98;$25.46;$394,306,151;$13.52
222;compound-ether;2022-11-16 18:31:20.517608;$24.33;$23.98;$25.46;$400,213,534;$13.51
223;compound-ether;2022-11-16 18:05:28.090591;$24.33;$23.98;$25.46;$400,213,534;$13.51
224;compound-ether;2022-11-16 18:24:50.990833;$24.33;$23.98;$25.46;$400,213,534;$13.51
225;compound-ether;2022-11-16 17:37:53.932612;$23.98;$23.98;$25.46;$394,306,151;$13.46
226;compound-ether;2022-11-16 18:37:44.567425;$24.33;$23.98;$25.46;$400,213,534;$13.51
227;compound-ether;2022-11-16 18:18:26.179425;$24.33;$23.98;$25.46;$400,213,534;$13.51
228;compound-ether;2022-11-16 17:46:12.812009;$23.98;$23.98;$25.46;$394,306,151;$13.47
229;compound-ether;2022-11-16 18:11:56.118130;$24.33;$23.98;$25.46;$400,213,534;$13.51
230;compound-usd-coin;2022-11-16 17:37:53.932612;$0.022698437183;$0.022662125078;$0.022806214228;$730,463,550;$2,532.55
231;compound-usd-coin;2022-11-16 18:24:50.990833;$0.022697158379;$0.022662125078;$0.022806214228;$729,768,432;$2,531.46
232;compound-usd-coin;2022-11-16 17:59:03.829788;$0.022698437183;$0.022662125078;$0.022806214228;$730,463,550;$2,514.47
233;compound-usd-coin;2022-11-16 17:52:39.254623;$0.022698437183;$0.022662125078;$0.022806214228;$730,463,550;$2,527.57
234;compound-usd-coin;2022-11-16 18:05:28.090591;$0.022697158379;$0.022662125078;$0.022806214228;$729,768,432;$2,524.59
235;compound-usd-coin;2022-11-16 18:31:20.517608;$0.022697158379;$0.022662125078;$0.022806214228;$729,768,432;$2,511.87
236;compound-usd-coin;2022-11-16 17:46:12.812009;$0.022698437183;$0.022662125078;$0.022806214228;$730,463,550;$2,513.12
237;compound-usd-coin;2022-11-16 18:18:26.179425;$0.022697158379;$0.022662125078;$0.022806214228;$729,768,432;$2,526.90
238;compound-usd-coin;2022-11-16 18:37:44.567425;$0.022697158379;$0.022662125078;$0.022806214228;$729,768,432;$2,527.27
239;compound-usd-coin;2022-11-16 18:11:56.118130;$0.022697158379;$0.022662125078;$0.022806214228;$729,768,432;$2,527.70
240;cosmos-hub;2022-11-16 18:24:50.990833;$10.16;$10.05;$10.81;$2,976,885,323;$159,594,452
241;cosmos-hub;2022-11-16 17:46:12.812009;$10.16;$10.05;$10.81;$2,966,856,975;$160,602,613
242;cosmos-hub;2022-11-16 18:37:44.567425;$10.16;$10.05;$10.80;$2,972,094,477;$158,217,416
243;cosmos-hub;2022-11-16 18:31:20.517608;$10.15;$10.05;$10.81;$2,976,885,323;$159,127,357
244;cosmos-hub;2022-11-16 17:37:53.932612;$10.14;$10.05;$10.83;$2,955,802,904;$160,669,487
245;cosmos-hub;2022-11-16 18:11:56.118130;$10.17;$10.05;$10.81;$2,974,223,567;$159,673,016
246;cosmos-hub;2022-11-16 17:59:03.829788;$10.18;$10.05;$10.81;$2,985,823,525;$161,038,802
247;cosmos-hub;2022-11-16 17:52:39.254623;$10.21;$10.05;$10.81;$2,985,823,525;$161,351,721
248;cosmos-hub;2022-11-16 18:18:26.179425;$10.16;$10.05;$10.81;$2,974,223,567;$159,470,479
249;cosmos-hub;2022-11-16 18:05:28.090591;$10.17;$10.05;$10.81;$2,976,779,973;$160,591,389
250;cronos;2022-11-16 18:31:20.517608;$0.069237853492;$0.067997510762;$0.076606942665;$1,752,502,883;$63,835,526
251;cronos;2022-11-16 17:59:03.829788;$0.069128095929;$0.067997510762;$0.076606942665;$1,742,017,677;$63,248,490
252;cronos;2022-11-16 18:05:28.090591;$0.069055948919;$0.067997510762;$0.076606942665;$1,744,546,534;$63,154,993
253;cronos;2022-11-16 18:24:50.990833;$0.069182586861;$0.067997510762;$0.076606942665;$1,752,502,883;$63,635,307
254;cronos;2022-11-16 17:52:39.254623;$0.069068965280;$0.067997510762;$0.076606942665;$1,742,017,677;$62,986,511
255;cronos;2022-11-16 18:11:56.118130;$0.069180744248;$0.067997510762;$0.076606942665;$1,747,426,227;$63,399,534
256;cronos;2022-11-16 18:18:26.179425;$0.069235862572;$0.067997510762;$0.076606942665;$1,747,426,227;$63,574,760
257;cronos;2022-11-16 18:37:44.567425;$0.069154913587;$0.067997510762;$0.076606942665;$1,747,711,393;$63,878,202
258;cronos;2022-11-16 17:37:53.932612;$0.068495327030;$0.067997510762;$0.076606942665;$1,728,620,907;$62,361,627
259;cronos;2022-11-16 17:46:12.812009;$0.068523308820;$0.067997510762;$0.076606942665;$1,728,265,210;$62,470,892
260;curve-dao-token;2022-11-16 18:11:56.118130;$0.586293;$0.577742;$0.629740;$371,754,853;$51,758,648
261;curve-dao-token;2022-11-16 17:52:39.254623;$0.587147;$0.577742;$0.629740;$372,048,907;$51,872,884
262;curve-dao-token;2022-11-16 17:59:03.829788;$0.585553;$0.577742;$0.629740;$372,048,907;$51,825,441
263;curve-dao-token;2022-11-16 18:31:20.517608;$0.585089;$0.577742;$0.629740;$372,083,548;$51,849,563
264;curve-dao-token;2022-11-16 18:05:28.090591;$0.585705;$0.577742;$0.629740;$371,380,739;$51,834,513
265;curve-dao-token;2022-11-16 17:37:53.932612;$0.584219;$0.577742;$0.629740;$368,916,751;$51,608,298
266;curve-dao-token;2022-11-16 18:37:44.567425;$0.585109;$0.577742;$0.629740;$371,003,233;$51,820,532
267;curve-dao-token;2022-11-16 17:46:12.812009;$0.585351;$0.577742;$0.629740;$369,878,184;$51,710,945
268;curve-dao-token;2022-11-16 18:18:26.179425;$0.586293;$0.577742;$0.629740;$371,754,853;$51,749,093
269;curve-dao-token;2022-11-16 18:24:50.990833;$0.586529;$0.577742;$0.629740;$372,083,548;$51,885,013
270;dai;2022-11-16 17:59:03.829788;$1.00;$0.997048;$1.01;$5,442,230,934;$442,591,865
271;dai;2022-11-16 17:37:53.932612;$0.999591;$0.997048;$1.01;$5,432,524,958;$435,894,828
272;dai;2022-11-16 18:37:44.567425;$1.00;$0.997048;$1.01;$5,431,405,849;$444,750,540
273;dai;2022-11-16 17:52:39.254623;$1.00;$0.997048;$1.01;$5,442,230,934;$441,783,274
274;dai;2022-11-16 17:46:12.812009;$0.999422;$0.997048;$1.01;$5,429,889,956;$436,230,699
275;dai;2022-11-16 18:18:26.179425;$1.00;$0.997048;$1.01;$5,431,863,567;$443,367,062
276;dai;2022-11-16 18:05:28.090591;$1.00;$0.997048;$1.01;$5,429,728,088;$443,969,977
277;dai;2022-11-16 18:11:56.118130;$1.00;$0.997048;$1.01;$5,429,728,088;$444,057,100
278;dai;2022-11-16 18:31:20.517608;$1.00;$0.997048;$1.01;$5,438,312,133;$447,785,811
279;dai;2022-11-16 18:24:50.990833;$1.00;$0.997048;$1.01;$5,438,312,133;$447,465,391
280;dash;2022-11-16 18:24:50.990833;$33.74;$33.08;$34.91;$369,871,122;$60,960,667
281;dash;2022-11-16 18:31:20.517608;$33.73;$33.08;$34.91;$369,871,122;$60,975,861
282;dash;2022-11-16 18:18:26.179425;$33.56;$33.08;$34.91;$370,997,921;$44,196,001
283;dash;2022-11-16 17:59:03.829788;$33.70;$33.08;$34.94;$371,038,846;$60,647,322
284;dash;2022-11-16 18:11:56.118130;$33.58;$33.08;$34.91;$370,997,921;$44,150,861
285;dash;2022-11-16 18:05:28.090591;$33.54;$33.08;$34.94;$370,662,245;$43,908,322
286;dash;2022-11-16 17:52:39.254623;$33.74;$33.08;$34.94;$371,038,846;$60,320,038
287;dash;2022-11-16 18:37:44.567425;$33.61;$33.08;$34.90;$369,874,643;$44,338,501
288;dash;2022-11-16 17:46:12.812009;$33.58;$33.08;$34.95;$369,096,149;$60,055,799
289;dash;2022-11-16 17:37:53.932612;$33.55;$33.08;$34.96;$366,806,312;$59,956,038
290;decentraland;2022-11-16 17:59:03.829788;$0.434478;$0.430863;$0.460763;$790,125,546;$78,398,534
291;decentraland;2022-11-16 18:05:28.090591;$0.434227;$0.430863;$0.460763;$788,454,440;$77,704,615
292;decentraland;2022-11-16 17:37:53.932612;$0.432153;$0.430863;$0.462375;$785,643,208;$71,744,267
293;decentraland;2022-11-16 18:31:20.517608;$0.433883;$0.430863;$0.460763;$789,713,932;$77,164,819
294;decentraland;2022-11-16 18:24:50.990833;$0.434394;$0.430863;$0.460763;$789,713,932;$77,291,500
295;decentraland;2022-11-16 18:18:26.179425;$0.434451;$0.430863;$0.460763;$789,891,198;$77,204,754
296;decentraland;2022-11-16 17:52:39.254623;$0.435302;$0.430863;$0.460763;$790,125,546;$78,476,466
297;decentraland;2022-11-16 17:46:12.812009;$0.433561;$0.430863;$0.462375;$786,658,037;$78,567,300
298;decentraland;2022-11-16 18:11:56.118130;$0.434922;$0.430863;$0.460763;$789,891,198;$77,601,830
299;decentraland;2022-11-16 18:37:44.567425;$0.433889;$0.430863;$0.460345;$787,859,383;$77,098,087
300;dogecoin;2022-11-16 17:52:39.254623;$0.085826426181;$0.084607082100;$0.091188492280;$11,750,425,693;$935,995,392
301;dogecoin;2022-11-16 18:11:56.118130;$0.085641978473;$0.084607082100;$0.091188492280;$11,724,518,058;$930,704,185
302;dogecoin;2022-11-16 17:59:03.829788;$0.085685682267;$0.084607082100;$0.091188492280;$11,750,425,693;$935,028,475
303;dogecoin;2022-11-16 17:46:12.812009;$0.085403188016;$0.084607082100;$0.091188492280;$11,679,047,296;$932,303,714
304;dogecoin;2022-11-16 18:18:26.179425;$0.085417499427;$0.084607082100;$0.091188492280;$11,726,557,567;$926,119,088
305;dogecoin;2022-11-16 18:24:50.990833;$0.085544683271;$0.084607082100;$0.091188492280;$11,713,094,451;$925,370,110
306;dogecoin;2022-11-16 18:31:20.517608;$0.085344161801;$0.084607082100;$0.091188492280;$11,713,094,451;$922,577,385
307;dogecoin;2022-11-16 18:37:44.567425;$0.085443336207;$0.084607082100;$0.091188492280;$11,691,381,455;$922,600,782
308;dogecoin;2022-11-16 17:37:53.932612;$0.085388019069;$0.084607082100;$0.091188492280;$11,657,011,506;$929,748,674
309;dogecoin;2022-11-16 18:05:28.090591;$0.085621571613;$0.084607082100;$0.091188492280;$11,724,518,058;$932,039,193
310;ecash;2022-11-16 17:52:39.254623;$0.000029080581;$0.000028779552;$0.000030476270;$559,017,207;$6,772,476
311;ecash;2022-11-16 17:46:12.812009;$0.000028970990;$0.000028779552;$0.000030476270;$557,045,849;$6,764,808
312;ecash;2022-11-16 18:11:56.118130;$0.000028954842;$0.000028779552;$0.000030405429;$556,719,552;$6,660,191
313;ecash;2022-11-16 18:18:26.179425;$0.000028995457;$0.000028779552;$0.000030405429;$556,719,552;$6,659,790
314;ecash;2022-11-16 18:05:28.090591;$0.000028963186;$0.000028779552;$0.000030406286;$556,866,471;$6,711,179
315;ecash;2022-11-16 17:59:03.829788;$0.000028985913;$0.000028779552;$0.000030476270;$559,017,207;$6,742,895
316;ecash;2022-11-16 18:24:50.990833;$0.000029024614;$0.000028779552;$0.000030405429;$558,533,757;$6,663,509
317;ecash;2022-11-16 18:37:44.567425;$0.000029024413;$0.000028779552;$0.000030405429;$557,932,764;$6,573,518
318;ecash;2022-11-16 17:37:53.932612;$0.000028930012;$0.000028779552;$0.000030532439;$556,832,611;$6,776,266
319;ecash;2022-11-16 18:31:20.517608;$0.000029000308;$0.000028779552;$0.000030405429;$558,533,757;$6,635,695
320;eos;2022-11-16 17:46:12.812009;$0.913765;$0.906727;$0.948732;$988,993,792;$124,501,400
321;eos;2022-11-16 18:37:44.567425;$0.913924;$0.906727;$0.948732;$990,321,129;$124,207,449
322;eos;2022-11-16 17:59:03.829788;$0.915134;$0.906727;$0.948732;$993,190,717;$124,437,579
323;eos;2022-11-16 18:24:50.990833;$0.914178;$0.906727;$0.948732;$991,443,178;$124,381,283
324;eos;2022-11-16 18:18:26.179425;$0.913856;$0.906727;$0.948732;$991,072,099;$124,341,922
325;eos;2022-11-16 18:05:28.090591;$0.914321;$0.906727;$0.948732;$991,064,971;$124,456,627
326;eos;2022-11-16 17:37:53.932612;$0.912996;$0.906727;$0.948732;$987,794,494;$124,716,947
327;eos;2022-11-16 18:31:20.517608;$0.913584;$0.906727;$0.948732;$991,443,178;$124,112,045
328;eos;2022-11-16 18:11:56.118130;$0.914555;$0.906727;$0.948732;$991,072,099;$124,451,262
329;eos;2022-11-16 17:52:39.254623;$0.917383;$0.906727;$0.948732;$993,190,717;$124,923,984
330;ethereum;2022-11-16 18:18:26.179425;$1,210.24;$1,193.41;$1,273.33;$145,933,789,734;$9,191,942,292
331;ethereum;2022-11-16 18:05:28.090591;$1,210.07;$1,193.41;$1,273.33;$145,887,653,806;$9,193,501,092
332;ethereum;2022-11-16 17:37:53.932612;$1,201.87;$1,193.41;$1,273.33;$144,510,229,251;$9,147,492,615
333;ethereum;2022-11-16 18:31:20.517608;$1,209.77;$1,193.41;$1,273.33;$146,118,718,220;$9,207,102,276
334;ethereum;2022-11-16 18:11:56.118130;$1,210.92;$1,193.41;$1,273.33;$145,887,653,806;$9,196,822,105
335;ethereum;2022-11-16 17:59:03.829788;$1,211.60;$1,193.41;$1,273.33;$146,045,736,368;$9,257,858,154
336;ethereum;2022-11-16 18:24:50.990833;$1,211.67;$1,193.41;$1,273.33;$146,118,718,220;$9,216,451,619
337;ethereum;2022-11-16 18:37:44.567425;$1,211.41;$1,193.41;$1,273.18;$145,889,220,458;$9,217,099,192
338;ethereum;2022-11-16 17:52:39.254623;$1,212.34;$1,193.41;$1,273.33;$146,045,736,368;$9,244,638,342
339;ethereum;2022-11-16 17:46:12.812009;$1,205.05;$1,193.41;$1,273.33;$144,902,100,708;$9,179,344,261
340;ethereum-classic;2022-11-16 18:31:20.517608;$20.04;$19.79;$20.90;$2,772,287,210;$154,348,319
341;ethereum-classic;2022-11-16 17:59:03.829788;$20.04;$19.79;$20.90;$2,767,394,912;$154,779,417
342;ethereum-classic;2022-11-16 18:11:56.118130;$20.05;$19.79;$20.90;$2,763,907,192;$153,926,800
343;ethereum-classic;2022-11-16 17:46:12.812009;$19.99;$19.79;$20.90;$2,752,831,501;$154,104,646
344;ethereum-classic;2022-11-16 17:52:39.254623;$20.07;$19.79;$20.90;$2,767,394,912;$155,010,414
345;ethereum-classic;2022-11-16 18:05:28.090591;$20.02;$19.79;$20.90;$2,762,295,590;$153,957,486
346;ethereum-classic;2022-11-16 18:18:26.179425;$20.06;$19.79;$20.90;$2,763,907,192;$154,009,176
347;ethereum-classic;2022-11-16 18:37:44.567425;$20.06;$19.79;$20.90;$2,765,518,123;$152,536,541
348;ethereum-classic;2022-11-16 17:37:53.932612;$19.97;$19.79;$20.90;$2,747,479,201;$154,222,036
349;ethereum-classic;2022-11-16 18:24:50.990833;$20.06;$19.79;$20.90;$2,772,287,210;$154,422,739
350;ethereum-name-service;2022-11-16 18:37:44.567425;$12.73;$12.70;$13.53;$328,107,453;$39,559,030
351;ethereum-name-service;2022-11-16 17:59:03.829788;$12.88;$12.70;$13.56;$332,587,348;$37,882,557
352;ethereum-name-service;2022-11-16 17:46:12.812009;$12.87;$12.70;$13.58;$331,654,488;$39,292,784
353;ethereum-name-service;2022-11-16 18:05:28.090591;$12.87;$12.70;$13.56;$331,581,181;$37,711,117
354;ethereum-name-service;2022-11-16 18:18:26.179425;$12.85;$12.70;$13.55;$332,125,358;$37,488,740
355;ethereum-name-service;2022-11-16 18:11:56.118130;$12.88;$12.70;$13.56;$332,125,358;$37,554,063
356;ethereum-name-service;2022-11-16 17:52:39.254623;$12.93;$12.70;$13.58;$332,587,348;$38,479,301
357;ethereum-name-service;2022-11-16 18:31:20.517608;$12.73;$12.70;$13.54;$330,604,271;$40,885,841
358;ethereum-name-service;2022-11-16 17:37:53.932612;$12.87;$12.70;$13.59;$330,273,470;$39,361,635
359;ethereum-name-service;2022-11-16 18:24:50.990833;$12.76;$12.70;$13.54;$330,604,271;$41,089,031
360;ethereumpow;2022-11-16 18:11:56.118130;$3.78;$3.75;$4.01;$404,887,293;$17,482,725
361;ethereumpow;2022-11-16 17:52:39.254623;$3.79;$3.75;$4.03;$405,828,134;$18,527,414
362;ethereumpow;2022-11-16 18:37:44.567425;$3.80;$3.75;$4.00;$408,318,003;$17,430,723
363;ethereumpow;2022-11-16 18:31:20.517608;$3.81;$3.75;$4.01;$404,789,757;$18,125,630
364;ethereumpow;2022-11-16 18:24:50.990833;$3.79;$3.75;$4.01;$404,789,757;$17,998,138
365;ethereumpow;2022-11-16 17:46:12.812009;$3.78;$3.75;$4.03;$404,603,738;$18,260,726
366;ethereumpow;2022-11-16 17:37:53.932612;$3.77;$3.75;$4.03;$403,381,253;$17,601,167
367;ethereumpow;2022-11-16 18:18:26.179425;$3.77;$3.75;$4.01;$404,887,293;$17,327,983
368;ethereumpow;2022-11-16 18:05:28.090591;$3.77;$3.75;$4.02;$404,510,241;$17,654,662
369;ethereumpow;2022-11-16 17:59:03.829788;$3.78;$3.75;$4.02;$405,828,134;$18,408,098
370;evmos;2022-11-16 18:05:28.090591;$1.16;$1.15;$1.28;$404,564,674;$1,641,296
371;evmos;2022-11-16 18:24:50.990833;$1.15;$1.15;$1.28;$403,569,354;$1,608,597
372;evmos;2022-11-16 17:37:53.932612;$1.16;$1.15;$1.28;$402,169,053;$1,638,915
373;evmos;2022-11-16 17:59:03.829788;$1.16;$1.15;$1.28;$404,524,936;$1,641,564
374;evmos;2022-11-16 18:31:20.517608;$1.15;$1.15;$1.28;$403,569,354;$1,608,263
375;evmos;2022-11-16 18:18:26.179425;$1.16;$1.15;$1.28;$403,516,146;$1,611,108
376;evmos;2022-11-16 18:11:56.118130;$1.16;$1.15;$1.28;$403,516,146;$1,609,345
377;evmos;2022-11-16 18:37:44.567425;$1.16;$1.15;$1.28;$403,996,167;$1,609,012
378;evmos;2022-11-16 17:46:12.812009;$1.16;$1.15;$1.28;$403,060,966;$1,639,309
379;evmos;2022-11-16 17:52:39.254623;$1.16;$1.15;$1.28;$404,524,936;$1,647,090
380;fantom;2022-11-16 18:05:28.090591;$0.182776;$0.180807;$0.198064;$464,586,275;$121,421,442
381;fantom;2022-11-16 17:46:12.812009;$0.182595;$0.180807;$0.198064;$463,130,840;$121,478,214
382;fantom;2022-11-16 18:24:50.990833;$0.182986;$0.180807;$0.198064;$465,369,342;$121,305,606
383;fantom;2022-11-16 18:31:20.517608;$0.182996;$0.180807;$0.198064;$465,369,342;$121,317,683
384;fantom;2022-11-16 17:52:39.254623;$0.183277;$0.180807;$0.198064;$465,444,619;$121,796,271
385;fantom;2022-11-16 17:37:53.932612;$0.182429;$0.180807;$0.198064;$462,643,269;$121,605,399
386;fantom;2022-11-16 18:11:56.118130;$0.182930;$0.180807;$0.198064;$464,887,517;$121,346,445
387;fantom;2022-11-16 18:37:44.567425;$0.183051;$0.180807;$0.198064;$464,833,515;$121,744,051
388;fantom;2022-11-16 18:18:26.179425;$0.182925;$0.180807;$0.198064;$464,887,517;$121,269,868
389;fantom;2022-11-16 17:59:03.829788;$0.182918;$0.180807;$0.198064;$465,444,619;$121,654,285
390;filecoin;2022-11-16 18:37:44.567425;$4.33;$4.30;$4.53;$1,386,491,904;$126,410,745
391;filecoin;2022-11-16 18:31:20.517608;$4.32;$4.30;$4.53;$1,390,548,137;$126,494,110
392;filecoin;2022-11-16 18:24:50.990833;$4.33;$4.30;$4.53;$1,390,548,137;$126,461,078
393;filecoin;2022-11-16 18:05:28.090591;$4.34;$4.30;$4.53;$1,389,018,720;$126,037,935
394;filecoin;2022-11-16 17:52:39.254623;$4.35;$4.30;$4.53;$1,393,762,104;$125,719,819
395;filecoin;2022-11-16 17:46:12.812009;$4.34;$4.30;$4.53;$1,386,238,531;$125,211,107
396;filecoin;2022-11-16 18:11:56.118130;$4.34;$4.30;$4.53;$1,389,842,752;$126,084,848
397;filecoin;2022-11-16 17:37:53.932612;$4.33;$4.30;$4.53;$1,384,335,630;$125,343,916
398;filecoin;2022-11-16 18:18:26.179425;$4.33;$4.30;$4.53;$1,389,842,752;$126,078,218
399;filecoin;2022-11-16 17:59:03.829788;$4.34;$4.30;$4.53;$1,393,762,104;$125,778,358
400;flow;2022-11-16 17:59:03.829788;$1.23;$1.20;$1.29;$1,271,559,546;$32,888,672
401;flow;2022-11-16 17:52:39.254623;$1.23;$1.20;$1.29;$1,271,559,546;$32,971,176
402;flow;2022-11-16 18:37:44.567425;$1.23;$1.20;$1.29;$1,267,421,909;$32,860,837
403;flow;2022-11-16 17:46:12.812009;$1.22;$1.20;$1.29;$1,263,824,145;$32,911,080
404;flow;2022-11-16 18:31:20.517608;$1.22;$1.20;$1.29;$1,268,577,285;$32,833,665
405;flow;2022-11-16 17:37:53.932612;$1.22;$1.20;$1.29;$1,263,435,736;$32,874,665
406;flow;2022-11-16 18:24:50.990833;$1.22;$1.20;$1.29;$1,268,577,285;$32,811,551
407;flow;2022-11-16 18:05:28.090591;$1.22;$1.20;$1.29;$1,267,823,377;$32,867,386
408;flow;2022-11-16 18:11:56.118130;$1.23;$1.20;$1.29;$1,269,687,666;$32,837,134
409;flow;2022-11-16 18:18:26.179425;$1.22;$1.20;$1.29;$1,269,687,666;$32,826,803
410;frax;2022-11-16 17:46:12.812009;$0.999056;$0.993532;$1.00;$1,176,505,179;$14,388,504
411;frax;2022-11-16 18:31:20.517608;$0.999371;$0.993532;$1.00;$1,177,324,876;$14,448,598
412;frax;2022-11-16 18:05:28.090591;$0.999218;$0.993532;$1.00;$1,176,882,579;$14,419,840
413;frax;2022-11-16 18:37:44.567425;$0.998773;$0.993532;$1.00;$1,174,727,481;$14,894,372
414;frax;2022-11-16 17:59:03.829788;$1.00;$0.993532;$1.00;$1,178,144,819;$14,417,083
415;frax;2022-11-16 18:18:26.179425;$0.998417;$0.993532;$1.00;$1,178,552,916;$15,000,152
416;frax;2022-11-16 17:37:53.932612;$1.00;$0.993532;$1.00;$1,177,291,692;$14,730,497
417;frax;2022-11-16 18:24:50.990833;$0.999073;$0.993532;$1.00;$1,177,324,876;$15,010,684
418;frax;2022-11-16 18:11:56.118130;$1.00;$0.993532;$1.00;$1,178,552,916;$14,593,673
419;frax;2022-11-16 17:52:39.254623;$1.00;$0.993532;$1.00;$1,178,144,819;$14,414,182
420;gatetoken;2022-11-16 18:24:50.990833;$3.69;$3.67;$3.75;$536,618,659;$3,281,924
421;gatetoken;2022-11-16 18:31:20.517608;$3.68;$3.67;$3.75;$536,618,659;$3,280,651
422;gatetoken;2022-11-16 17:52:39.254623;$3.69;$3.67;$3.75;$537,105,414;$3,091,923
423;gatetoken;2022-11-16 18:05:28.090591;$3.69;$3.67;$3.75;$536,599,885;$3,845,110
424;gatetoken;2022-11-16 17:59:03.829788;$3.69;$3.67;$3.75;$537,105,414;$3,658,085
425;gatetoken;2022-11-16 18:11:56.118130;$3.69;$3.67;$3.75;$536,816,765;$3,850,042
426;gatetoken;2022-11-16 17:37:53.932612;$3.68;$3.67;$3.75;$535,318,721;$3,248,319
427;gatetoken;2022-11-16 18:18:26.179425;$3.69;$3.67;$3.75;$536,816,765;$3,849,755
428;gatetoken;2022-11-16 18:37:44.567425;$3.68;$3.67;$3.75;$535,498,184;$3,279,776
429;gatetoken;2022-11-16 17:46:12.812009;$3.68;$3.67;$3.75;$535,186,498;$3,645,113
430;gemini-dollar;2022-11-16 17:37:53.932612;$1.00;$0.996523;$1.01;$656,903,721;$29,433,215
431;gemini-dollar;2022-11-16 17:46:12.812009;$1.00;$0.996523;$1.01;$657,139,291;$29,443,131
432;gemini-dollar;2022-11-16 18:24:50.990833;$1.00;$0.996523;$1.01;$651,555,336;$30,863,551
433;gemini-dollar;2022-11-16 18:05:28.090591;$1.00;$0.996523;$1.01;$650,346,407;$31,341,238
434;gemini-dollar;2022-11-16 17:52:39.254623;$1.01;$0.996523;$1.01;$660,010,782;$29,562,957
435;gemini-dollar;2022-11-16 17:59:03.829788;$1.00;$0.996523;$1.01;$660,010,782;$29,895,931
436;gemini-dollar;2022-11-16 18:11:56.118130;$1.00;$0.996523;$1.01;$650,346,407;$31,473,686
437;gemini-dollar;2022-11-16 18:31:20.517608;$0.999886;$0.996523;$1.01;$651,555,336;$30,829,287
438;gemini-dollar;2022-11-16 18:37:44.567425;$1.00;$0.996523;$1.01;$650,320,951;$31,171,346
439;gemini-dollar;2022-11-16 18:18:26.179425;$1.00;$0.996523;$1.01;$651,035,374;$30,932,230
440;gmx;2022-11-16 17:37:53.932612;$39.42;$38.47;$43.12;$323,543,335;$26,866,353
441;gmx;2022-11-16 18:18:26.179425;$40.22;$38.47;$43.12;$330,781,907;$26,283,682
442;gmx;2022-11-16 18:11:56.118130;$40.23;$38.47;$43.12;$330,781,907;$26,503,815
443;gmx;2022-11-16 17:59:03.829788;$40.25;$38.47;$43.12;$329,172,908;$26,642,434
444;gmx;2022-11-16 18:05:28.090591;$40.26;$38.47;$43.12;$330,938,778;$26,456,763
445;gmx;2022-11-16 18:37:44.567425;$40.12;$38.47;$43.12;$330,154,843;$25,909,728
446;gmx;2022-11-16 17:52:39.254623;$40.22;$38.47;$43.12;$329,172,908;$20,761,241
447;gmx;2022-11-16 18:31:20.517608;$40.16;$38.47;$43.12;$331,013,791;$26,019,971
448;gmx;2022-11-16 18:24:50.990833;$40.24;$38.47;$43.12;$331,013,791;$26,195,330
449;gmx;2022-11-16 17:46:12.812009;$39.74;$38.47;$43.12;$326,589,769;$26,947,881
450;hedera;2022-11-16 18:11:56.118130;$0.047805926739;$0.047377122675;$0.050024716445;$1,176,811,376;$21,307,256
451;hedera;2022-11-16 17:37:53.932612;$0.047707739687;$0.047377122675;$0.050254194233;$1,171,703,164;$21,470,944
452;hedera;2022-11-16 18:37:44.567425;$0.047708845904;$0.047377122675;$0.049910027084;$1,174,650,140;$21,222,868
453;hedera;2022-11-16 17:59:03.829788;$0.047798275471;$0.047377122675;$0.050148674933;$1,178,772,196;$21,435,165
454;hedera;2022-11-16 17:52:39.254623;$0.047895522861;$0.047377122675;$0.050191993947;$1,178,772,196;$21,499,129
455;hedera;2022-11-16 18:31:20.517608;$0.047704014230;$0.047377122675;$0.049936150367;$1,178,379,142;$21,279,048
456;hedera;2022-11-16 18:05:28.090591;$0.047785765759;$0.047377122675;$0.050135326797;$1,176,316,178;$21,353,762
457;hedera;2022-11-16 17:46:12.812009;$0.047728027353;$0.047377122675;$0.050204176435;$1,171,784,109;$21,462,709
458;hedera;2022-11-16 18:18:26.179425;$0.047793691711;$0.047377122675;$0.049971653397;$1,176,811,376;$21,308,092
459;hedera;2022-11-16 18:24:50.990833;$0.047772016054;$0.047377122675;$0.049971653397;$1,178,379,142;$21,303,149
460;huobi-token;2022-11-16 18:31:20.517608;$4.71;$4.69;$5.01;$616,914,785;$9,483,108
461;huobi-token;2022-11-16 17:37:53.932612;$4.72;$4.69;$5.01;$618,949,828;$9,632,433
462;huobi-token;2022-11-16 18:11:56.118130;$4.71;$4.69;$5.01;$616,990,478;$9,510,974
463;huobi-token;2022-11-16 18:37:44.567425;$4.71;$4.69;$5.01;$616,491,618;$9,513,013
464;huobi-token;2022-11-16 17:59:03.829788;$4.71;$4.69;$5.01;$617,703,456;$9,555,819
465;huobi-token;2022-11-16 18:18:26.179425;$4.71;$4.69;$5.01;$616,990,478;$9,514,195
466;huobi-token;2022-11-16 17:52:39.254623;$4.72;$4.69;$5.01;$617,703,456;$9,577,143
467;huobi-token;2022-11-16 18:24:50.990833;$4.71;$4.69;$5.01;$616,914,785;$9,496,250
468;huobi-token;2022-11-16 18:05:28.090591;$4.71;$4.69;$5.01;$617,359,707;$9,521,137
469;huobi-token;2022-11-16 17:46:12.812009;$4.70;$4.69;$5.01;$616,518,572;$7,552,377
470;internet-computer;2022-11-16 18:18:26.179425;$3.87;$3.83;$4.09;$1,061,335,047;$29,060,008
471;internet-computer;2022-11-16 17:59:03.829788;$3.87;$3.83;$4.09;$1,057,265,771;$29,079,250
472;internet-computer;2022-11-16 18:11:56.118130;$3.88;$3.83;$4.09;$1,061,335,047;$28,897,001
473;internet-computer;2022-11-16 18:37:44.567425;$3.88;$3.83;$4.09;$1,060,178,784;$26,205,882
474;internet-computer;2022-11-16 18:24:50.990833;$3.87;$3.83;$4.09;$1,060,824,554;$29,067,715
475;internet-computer;2022-11-16 18:05:28.090591;$3.86;$3.83;$4.09;$1,056,766,029;$28,611,318
476;internet-computer;2022-11-16 17:46:12.812009;$3.85;$3.83;$4.09;$1,051,155,698;$29,127,435
477;internet-computer;2022-11-16 17:37:53.932612;$3.84;$3.83;$4.09;$1,049,560,076;$29,068,945
478;internet-computer;2022-11-16 17:52:39.254623;$3.87;$3.83;$4.09;$1,057,265,771;$30,149,538
479;internet-computer;2022-11-16 18:31:20.517608;$3.88;$3.83;$4.09;$1,060,824,554;$29,094,883
480;iota;2022-11-16 18:24:50.990833;$0.218244;$0.215863;$0.228102;$607,159,921;$9,789,817
481;iota;2022-11-16 17:59:03.829788;$0.218372;$0.215863;$0.228102;$608,502,909;$9,798,527
482;iota;2022-11-16 17:37:53.932612;$0.218175;$0.215863;$0.228102;$604,903,431;$9,778,331
483;iota;2022-11-16 18:31:20.517608;$0.218124;$0.215863;$0.228102;$607,159,921;$9,794,318
484;iota;2022-11-16 18:37:44.567425;$0.217970;$0.215863;$0.228102;$606,286,421;$9,856,886
485;iota;2022-11-16 17:52:39.254623;$0.219072;$0.215863;$0.228102;$608,502,909;$9,799,222
486;iota;2022-11-16 18:05:28.090591;$0.218098;$0.215863;$0.228102;$606,281,127;$9,813,048
487;iota;2022-11-16 18:11:56.118130;$0.218357;$0.215863;$0.228102;$606,853,865;$9,781,035
488;iota;2022-11-16 17:46:12.812009;$0.218407;$0.215863;$0.228102;$605,770,615;$9,774,955
489;iota;2022-11-16 18:18:26.179425;$0.218184;$0.215863;$0.228102;$606,853,865;$9,783,688
490;kava;2022-11-16 18:37:44.567425;$1.04;$0.901430;$1.18;$334,189,762;$49,771,544
491;kava;2022-11-16 17:37:53.932612;$1.03;$0.908157;$1.18;$331,514,493;$50,290,760
492;kava;2022-11-16 18:24:50.990833;$1.03;$0.901430;$1.18;$292,743,232;$49,691,744
493;kava;2022-11-16 18:11:56.118130;$1.04;$0.901430;$1.18;$292,930,828;$50,127,787
494;kava;2022-11-16 17:59:03.829788;$0.902049;$0.902659;$1.18;$334,789,457;$15,483,967
495;kava;2022-11-16 17:46:12.812009;$1.03;$0.908157;$1.18;$333,352,389;$50,520,341
496;kava;2022-11-16 18:18:26.179425;$1.04;$0.901430;$1.18;$292,930,828;$50,406,356
497;kava;2022-11-16 18:31:20.517608;$1.03;$0.901430;$1.18;$292,743,232;$49,535,762
498;kava;2022-11-16 17:52:39.254623;$1.04;$0.908157;$1.18;$334,789,457;$50,671,724
499;kava;2022-11-16 18:05:28.090591;$1.03;$0.901430;$1.18;$334,235,960;$50,135,319
500;klaytn;2022-11-16 18:31:20.517608;$0.168666;$0.165251;$0.177603;$509,482,100;$27,382,217
501;klaytn;2022-11-16 17:37:53.932612;$0.168604;$0.165251;$0.177647;$507,471,167;$27,294,334
502;klaytn;2022-11-16 17:52:39.254623;$0.169330;$0.165251;$0.177603;$510,580,830;$27,358,728
503;klaytn;2022-11-16 18:18:26.179425;$0.168718;$0.165251;$0.177603;$509,234,289;$27,347,175
504;klaytn;2022-11-16 17:46:12.812009;$0.168916;$0.165251;$0.177603;$509,076,485;$27,361,767
505;klaytn;2022-11-16 18:11:56.118130;$0.168834;$0.165251;$0.177603;$509,234,289;$27,350,892
506;klaytn;2022-11-16 18:24:50.990833;$0.168683;$0.165251;$0.177603;$509,482,100;$27,385,647
507;klaytn;2022-11-16 18:05:28.090591;$0.168828;$0.165251;$0.177603;$509,345,385;$27,386,864
508;klaytn;2022-11-16 17:59:03.829788;$0.168870;$0.165251;$0.177603;$510,580,830;$27,327,238
509;klaytn;2022-11-16 18:37:44.567425;$0.168732;$0.165251;$0.177418;$508,848,208;$27,372,053
510;kucoin-shares;2022-11-16 17:59:03.829788;$7.42;$7.38;$7.82;$722,994,944;$1,412,869
511;kucoin-shares;2022-11-16 18:24:50.990833;$7.40;$7.38;$7.82;$721,313,064;$1,423,324
512;kucoin-shares;2022-11-16 18:37:44.567425;$7.37;$7.37;$7.82;$719,568,581;$1,434,048
513;kucoin-shares;2022-11-16 18:05:28.090591;$7.42;$7.38;$7.82;$723,320,191;$1,413,041
514;kucoin-shares;2022-11-16 17:46:12.812009;$7.41;$7.38;$7.82;$720,665,327;$1,409,500
515;kucoin-shares;2022-11-16 18:31:20.517608;$7.38;$7.38;$7.82;$721,313,064;$1,436,875
516;kucoin-shares;2022-11-16 18:11:56.118130;$7.40;$7.38;$7.82;$721,884,000;$1,415,100
517;kucoin-shares;2022-11-16 18:18:26.179425;$7.39;$7.38;$7.82;$721,884,000;$1,417,520
518;kucoin-shares;2022-11-16 17:37:53.932612;$7.39;$7.38;$7.82;$719,134,958;$1,408,530
519;kucoin-shares;2022-11-16 17:52:39.254623;$7.42;$7.38;$7.82;$722,994,944;$1,412,594
520;leo-token;2022-11-16 18:18:26.179425;$3.82;$3.73;$3.84;$3,564,773,376;$2,663,627
521;leo-token;2022-11-16 17:52:39.254623;$3.82;$3.73;$3.85;$3,569,622,209;$2,655,154
522;leo-token;2022-11-16 18:05:28.090591;$3.82;$3.73;$3.84;$3,566,657,994;$2,660,417
523;leo-token;2022-11-16 18:37:44.567425;$3.82;$3.73;$3.84;$3,561,908,139;$2,670,742
524;leo-token;2022-11-16 18:11:56.118130;$3.82;$3.73;$3.84;$3,564,773,376;$2,666,110
525;leo-token;2022-11-16 18:31:20.517608;$3.82;$3.73;$3.84;$3,567,477,504;$2,664,274
526;leo-token;2022-11-16 17:46:12.812009;$3.82;$3.73;$3.85;$3,565,588,254;$2,638,614
527;leo-token;2022-11-16 18:24:50.990833;$3.82;$3.73;$3.84;$3,567,477,504;$2,664,828
528;leo-token;2022-11-16 17:37:53.932612;$3.82;$3.73;$3.85;$3,564,741,299;$2,636,112
529;leo-token;2022-11-16 17:59:03.829788;$3.82;$3.73;$3.84;$3,569,622,209;$2,657,477
530;lido-dao;2022-11-16 17:46:12.812009;$1.18;$1.16;$1.24;$892,459,301;$23,576,499
531;lido-dao;2022-11-16 18:31:20.517608;$1.20;$1.16;$1.24;$906,719,301;$35,179,393
532;lido-dao;2022-11-16 17:37:53.932612;$1.18;$1.16;$1.24;$889,171,904;$23,531,207
533;lido-dao;2022-11-16 17:59:03.829788;$1.22;$1.16;$1.24;$920,227,476;$32,468,599
534;lido-dao;2022-11-16 18:18:26.179425;$1.20;$1.16;$1.24;$908,063,184;$34,758,407
535;lido-dao;2022-11-16 18:37:44.567425;$1.20;$1.16;$1.24;$905,315,026;$35,065,846
536;lido-dao;2022-11-16 18:05:28.090591;$1.21;$1.16;$1.24;$917,848,634;$33,804,592
537;lido-dao;2022-11-16 17:52:39.254623;$1.22;$1.16;$1.24;$920,227,476;$27,166,321
538;lido-dao;2022-11-16 18:24:50.990833;$1.20;$1.16;$1.24;$906,719,301;$34,994,309
539;lido-dao;2022-11-16 18:11:56.118130;$1.20;$1.16;$1.24;$908,063,184;$35,051,367
540;lido-staked-ether;2022-11-16 18:05:28.090591;$1,198.33;$1,178.85;$1,261.87;$5,694,657,848;$28,462,984
541;lido-staked-ether;2022-11-16 18:31:20.517608;$1,197.95;$1,178.85;$1,261.87;$5,678,158,629;$28,171,502
542;lido-staked-ether;2022-11-16 18:18:26.179425;$1,197.81;$1,178.85;$1,261.87;$5,674,073,315;$28,335,660
543;lido-staked-ether;2022-11-16 17:46:12.812009;$1,192.20;$1,178.85;$1,261.87;$5,624,349,533;$30,871,420
544;lido-staked-ether;2022-11-16 18:24:50.990833;$1,198.32;$1,178.85;$1,261.87;$5,678,158,629;$28,347,662
545;lido-staked-ether;2022-11-16 17:52:39.254623;$1,199.57;$1,178.85;$1,261.87;$5,645,531,987;$30,954,572
546;lido-staked-ether;2022-11-16 17:59:03.829788;$1,200.35;$1,178.85;$1,261.87;$5,694,657,848;$28,436,450
547;lido-staked-ether;2022-11-16 17:37:53.932612;$1,191.83;$1,178.85;$1,261.87;$5,624,349,533;$30,383,664
548;lido-staked-ether;2022-11-16 18:37:44.567425;$1,198.54;$1,178.85;$1,261.87;$5,674,686,544;$25,908,374
549;lido-staked-ether;2022-11-16 18:11:56.118130;$1,198.28;$1,178.85;$1,261.87;$5,674,318,620;$28,346,987
550;litecoin;2022-11-16 18:05:28.090591;$57.77;$57.09;$60.03;$4,138,251,383;$443,415,435
551;litecoin;2022-11-16 18:18:26.179425;$57.77;$57.09;$60.03;$4,140,045,107;$442,443,432
552;litecoin;2022-11-16 17:52:39.254623;$57.73;$57.09;$60.03;$4,132,556,544;$445,991,576
553;litecoin;2022-11-16 17:59:03.829788;$57.72;$57.09;$60.03;$4,132,556,544;$445,068,192
554;litecoin;2022-11-16 17:37:53.932612;$57.35;$57.09;$60.03;$4,102,696,045;$433,983,112
555;litecoin;2022-11-16 18:24:50.990833;$57.82;$57.09;$60.03;$4,140,699,269;$442,465,867
556;litecoin;2022-11-16 18:37:44.567425;$57.69;$57.09;$60.03;$4,128,826,941;$441,531,242
557;litecoin;2022-11-16 18:31:20.517608;$57.63;$57.09;$60.03;$4,140,699,269;$442,150,075
558;litecoin;2022-11-16 17:46:12.812009;$57.42;$57.09;$60.03;$4,109,290,692;$443,056,644
559;litecoin;2022-11-16 18:11:56.118130;$57.80;$57.09;$60.03;$4,140,045,107;$442,402,894
560;maker;2022-11-16 17:46:12.812009;$666.48;$662.72;$722.44;$599,684,977;$17,200,138
561;maker;2022-11-16 17:52:39.254623;$671.88;$662.72;$722.44;$604,021,582;$17,801,956
562;maker;2022-11-16 18:31:20.517608;$673.33;$662.72;$722.44;$606,947,231;$17,169,228
563;maker;2022-11-16 17:37:53.932612;$665.78;$662.72;$722.44;$598,964,454;$17,215,443
564;maker;2022-11-16 17:59:03.829788;$670.78;$662.72;$722.44;$604,021,582;$17,457,608
565;maker;2022-11-16 18:18:26.179425;$672.44;$662.72;$722.44;$605,511,275;$17,201,478
566;maker;2022-11-16 18:37:44.567425;$673.78;$662.72;$722.44;$606,795,192;$17,102,219
567;maker;2022-11-16 18:05:28.090591;$670.98;$662.72;$722.44;$604,679,533;$17,227,336
568;maker;2022-11-16 18:11:56.118130;$671.90;$662.72;$722.44;$605,511,275;$17,191,824
569;maker;2022-11-16 18:24:50.990833;$673.46;$662.72;$722.44;$606,947,231;$17,255,987
570;mina-protocol;2022-11-16 18:31:20.517608;$0.552590;$0.547266;$0.588823;$411,470,354;$12,893,030
571;mina-protocol;2022-11-16 18:37:44.567425;$0.552241;$0.547266;$0.588823;$410,331,904;$12,869,392
572;mina-protocol;2022-11-16 17:46:12.812009;$0.550389;$0.547266;$0.588823;$407,064,868;$13,614,712
573;mina-protocol;2022-11-16 18:05:28.090591;$0.554551;$0.547266;$0.588823;$412,204,886;$12,970,961
574;mina-protocol;2022-11-16 17:37:53.932612;$0.548468;$0.547266;$0.588823;$407,426,208;$13,815,548
575;mina-protocol;2022-11-16 17:59:03.829788;$0.555531;$0.547266;$0.588823;$410,712,835;$13,848,233
576;mina-protocol;2022-11-16 17:52:39.254623;$0.554497;$0.547266;$0.588823;$410,712,835;$13,902,392
577;mina-protocol;2022-11-16 18:11:56.118130;$0.554882;$0.547266;$0.588823;$412,303,336;$13,274,897
578;mina-protocol;2022-11-16 18:18:26.179425;$0.555127;$0.547266;$0.588823;$412,303,336;$13,850,571
579;mina-protocol;2022-11-16 18:24:50.990833;$0.553436;$0.547266;$0.588823;$411,470,354;$12,934,339
580;monero;2022-11-16 18:18:26.179425;$129.68;$127.52;$131.03;$2,348,447,339;$70,438,404
581;monero;2022-11-16 18:37:44.567425;$129.61;$127.52;$131.03;$2,353,161,701;$69,472,832
582;monero;2022-11-16 18:24:50.990833;$129.51;$127.52;$131.03;$2,356,308,253;$86,877,562
583;monero;2022-11-16 18:11:56.118130;$129.41;$127.52;$131.03;$2,348,447,339;$105,073,827
584;monero;2022-11-16 17:46:12.812009;$128.98;$127.52;$131.64;$2,337,162,778;$105,460,858
585;monero;2022-11-16 18:31:20.517608;$129.63;$127.52;$131.03;$2,356,308,253;$69,627,285
586;monero;2022-11-16 17:59:03.829788;$129.33;$127.52;$131.50;$2,344,457,831;$105,644,152
587;monero;2022-11-16 17:52:39.254623;$129.19;$127.52;$131.64;$2,344,457,831;$122,608,889
588;monero;2022-11-16 18:05:28.090591;$129.33;$127.52;$131.09;$2,346,892,304;$105,332,134
589;monero;2022-11-16 17:37:53.932612;$128.72;$127.52;$131.64;$2,332,706,660;$105,091,095
590;multiversx;2022-11-16 17:59:03.829788;$42.22;$41.76;$44.48;$1,006,721,442;$27,471,308
591;multiversx;2022-11-16 18:05:28.090591;$42.24;$41.76;$44.48;$1,006,366,323;$27,632,175
592;multiversx;2022-11-16 18:18:26.179425;$42.31;$41.76;$44.48;$1,007,565,120;$27,745,938
593;multiversx;2022-11-16 18:31:20.517608;$42.33;$41.76;$44.48;$1,010,185,757;$27,726,184
594;multiversx;2022-11-16 18:37:44.567425;$42.31;$41.76;$44.42;$1,008,273,693;$27,757,584
595;multiversx;2022-11-16 17:46:12.812009;$42.05;$41.76;$44.48;$999,855,184;$27,350,344
596;multiversx;2022-11-16 17:37:53.932612;$42.02;$41.76;$44.48;$998,450,752;$27,050,756
597;multiversx;2022-11-16 18:24:50.990833;$42.35;$41.76;$44.48;$1,010,185,757;$27,837,380
598;multiversx;2022-11-16 17:52:39.254623;$42.27;$41.76;$44.48;$1,006,721,442;$27,298,639
599;multiversx;2022-11-16 18:11:56.118130;$42.29;$41.76;$44.48;$1,007,565,120;$27,510,611
600;near;2022-11-16 17:59:03.829788;$1.93;$1.90;$2.03;$1,599,741,781;$89,875,662
601;near;2022-11-16 18:31:20.517608;$1.93;$1.90;$2.03;$1,598,029,733;$89,728,408
602;near;2022-11-16 17:52:39.254623;$1.93;$1.90;$2.03;$1,599,741,781;$90,167,621
603;near;2022-11-16 17:46:12.812009;$1.93;$1.90;$2.03;$1,590,062,080;$89,968,057
604;near;2022-11-16 18:05:28.090591;$1.93;$1.90;$2.03;$1,593,497,809;$90,355,467
605;near;2022-11-16 18:11:56.118130;$1.93;$1.90;$2.03;$1,597,363,982;$89,992,478
606;near;2022-11-16 17:37:53.932612;$1.92;$1.90;$2.03;$1,586,338,116;$89,944,562
607;near;2022-11-16 18:37:44.567425;$1.93;$1.90;$2.03;$1,595,918,781;$89,676,863
608;near;2022-11-16 18:18:26.179425;$1.93;$1.90;$2.03;$1,597,363,982;$89,839,103
609;near;2022-11-16 18:24:50.990833;$1.93;$1.90;$2.03;$1,598,029,733;$89,884,821
610;neo;2022-11-16 18:05:28.090591;$6.66;$6.59;$6.95;$469,416,474;$22,652,849
611;neo;2022-11-16 18:24:50.990833;$6.66;$6.59;$6.91;$469,959,412;$22,197,912
612;neo;2022-11-16 17:59:03.829788;$6.66;$6.59;$6.95;$469,980,908;$22,807,766
613;neo;2022-11-16 17:52:39.254623;$6.67;$6.59;$6.96;$469,980,908;$22,804,447
614;neo;2022-11-16 18:31:20.517608;$6.65;$6.59;$6.91;$469,959,412;$22,132,661
615;neo;2022-11-16 17:46:12.812009;$6.64;$6.59;$6.96;$467,787,215;$22,746,697
616;neo;2022-11-16 18:18:26.179425;$6.66;$6.59;$6.92;$469,799,958;$22,526,322
617;neo;2022-11-16 18:11:56.118130;$6.66;$6.59;$6.93;$469,799,958;$22,575,090
618;neo;2022-11-16 17:37:53.932612;$6.63;$6.59;$6.96;$467,146,521;$22,740,957
619;neo;2022-11-16 18:37:44.567425;$6.65;$6.59;$6.91;$468,915,962;$22,058,591
620;nexo;2022-11-16 17:52:39.254623;$0.703065;$0.693312;$0.730538;$392,653,499;$7,690,515
621;nexo;2022-11-16 18:31:20.517608;$0.712260;$0.693312;$0.729911;$398,786,170;$7,970,183
622;nexo;2022-11-16 18:37:44.567425;$0.710946;$0.693312;$0.729451;$398,786,170;$7,961,937
623;nexo;2022-11-16 17:37:53.932612;$0.694315;$0.693312;$0.731428;$388,338,808;$7,407,926
624;nexo;2022-11-16 17:59:03.829788;$0.704078;$0.693312;$0.730538;$392,653,499;$7,711,202
625;nexo;2022-11-16 18:24:50.990833;$0.709227;$0.693312;$0.729911;$396,265,249;$7,859,539
626;nexo;2022-11-16 17:46:12.812009;$0.697553;$0.693312;$0.731428;$388,646,678;$7,591,424
627;nexo;2022-11-16 18:18:26.179425;$0.707333;$0.693312;$0.729911;$396,191,358;$7,845,918
628;nexo;2022-11-16 18:11:56.118130;$0.707578;$0.693312;$0.730538;$396,191,358;$7,808,980
629;nexo;2022-11-16 18:05:28.090591;$0.707826;$0.693312;$0.730538;$394,546,904;$7,773,419
630;okb;2022-11-16 18:05:28.090591;$19.26;$18.64;$20.02;$4,844,053,632;$15,567,949
631;okb;2022-11-16 17:59:03.829788;$19.26;$18.64;$20.02;$4,841,151,721;$15,639,438
632;okb;2022-11-16 18:24:50.990833;$19.25;$18.64;$20.02;$4,848,693,104;$15,550,282
633;okb;2022-11-16 18:31:20.517608;$19.24;$18.64;$20.02;$4,848,693,104;$15,568,732
634;okb;2022-11-16 18:11:56.118130;$19.25;$18.64;$20.02;$4,843,110,991;$15,610,124
635;okb;2022-11-16 17:46:12.812009;$19.19;$18.64;$20.02;$4,819,920,776;$15,651,333
636;okb;2022-11-16 18:37:44.567425;$19.22;$18.64;$20.02;$4,843,249,128;$15,582,057
637;okb;2022-11-16 18:18:26.179425;$19.26;$18.64;$20.02;$4,843,110,991;$15,593,787
638;okb;2022-11-16 17:37:53.932612;$19.16;$18.64;$20.02;$4,819,853,325;$15,623,195
639;okb;2022-11-16 17:52:39.254623;$19.24;$18.64;$20.02;$4,841,151,721;$15,667,926
640;osmosis;2022-11-16 18:18:26.179425;$1.14;$1.12;$1.20;$546,707,832;$16,681,536
641;osmosis;2022-11-16 17:37:53.932612;$1.13;$1.12;$1.20;$543,066,389;$17,662,451
642;osmosis;2022-11-16 17:52:39.254623;$1.14;$1.12;$1.20;$548,659,725;$17,763,450
643;osmosis;2022-11-16 18:11:56.118130;$1.14;$1.12;$1.20;$546,707,832;$16,628,971
644;osmosis;2022-11-16 17:46:12.812009;$1.13;$1.12;$1.20;$545,894,289;$17,656,319
645;osmosis;2022-11-16 18:31:20.517608;$1.13;$1.12;$1.20;$546,510,324;$16,719,292
646;osmosis;2022-11-16 17:59:03.829788;$1.14;$1.12;$1.20;$548,659,725;$17,799,486
647;osmosis;2022-11-16 18:05:28.090591;$1.14;$1.12;$1.20;$548,475,838;$17,811,967
648;osmosis;2022-11-16 18:24:50.990833;$1.14;$1.12;$1.20;$546,510,324;$16,732,148
649;osmosis;2022-11-16 18:37:44.567425;$1.14;$1.12;$1.20;$547,124,364;$16,767,221
650;pancakeswap;2022-11-16 18:18:26.179425;$3.85;$3.83;$4.00;$568,404,523;$33,684,455
651;pancakeswap;2022-11-16 18:37:44.567425;$3.85;$3.83;$4.00;$568,232,844;$34,076,933
652;pancakeswap;2022-11-16 17:46:12.812009;$3.84;$3.83;$4.01;$566,559,573;$33,611,473
653;pancakeswap;2022-11-16 18:11:56.118130;$3.85;$3.83;$4.00;$568,404,523;$33,710,657
654;pancakeswap;2022-11-16 17:37:53.932612;$3.84;$3.83;$4.01;$565,811,935;$33,570,393
655;pancakeswap;2022-11-16 17:59:03.829788;$3.85;$3.83;$4.00;$568,573,437;$33,648,736
656;pancakeswap;2022-11-16 18:05:28.090591;$3.85;$3.83;$4.00;$568,133,139;$33,744,930
657;pancakeswap;2022-11-16 18:24:50.990833;$3.85;$3.83;$4.00;$568,870,367;$34,071,819
658;pancakeswap;2022-11-16 18:31:20.517608;$3.85;$3.83;$4.00;$568,870,367;$34,106,933
659;pancakeswap;2022-11-16 17:52:39.254623;$3.85;$3.83;$4.01;$568,573,437;$33,633,068
660;pax-dollar;2022-11-16 18:24:50.990833;$1.00;$0.995977;$1.01;$914,155,302;$3,737,553
661;pax-dollar;2022-11-16 18:37:44.567425;$1.00;$0.995977;$1.01;$911,842,144;$3,701,911
662;pax-dollar;2022-11-16 18:11:56.118130;$1.00;$0.995977;$1.01;$912,990,341;$3,735,837
663;pax-dollar;2022-11-16 17:52:39.254623;$1.00;$0.995977;$1.01;$914,416,910;$3,810,532
664;pax-dollar;2022-11-16 17:59:03.829788;$1.00;$0.995977;$1.01;$914,416,910;$3,809,739
665;pax-dollar;2022-11-16 17:46:12.812009;$1.00;$0.995977;$1.01;$913,431,092;$3,800,228
666;pax-dollar;2022-11-16 18:05:28.090591;$0.999421;$0.995977;$1.01;$911,689,770;$3,733,757
667;pax-dollar;2022-11-16 18:18:26.179425;$1.00;$0.995977;$1.01;$912,990,341;$3,734,246
668;pax-dollar;2022-11-16 18:31:20.517608;$0.999224;$0.995977;$1.01;$914,155,302;$3,721,452
669;pax-dollar;2022-11-16 17:37:53.932612;$1.00;$0.995977;$1.01;$912,756,347;$3,726,889
670;pax-gold;2022-11-16 18:31:20.517608;$1,771.90;$1,756.86;$1,781.75;$494,368,158;$25,278,566
671;pax-gold;2022-11-16 18:37:44.567425;$1,771.48;$1,756.86;$1,781.75;$493,737,362;$24,961,637
672;pax-gold;2022-11-16 18:24:50.990833;$1,772.64;$1,756.86;$1,781.75;$494,368,158;$25,392,821
673;pax-gold;2022-11-16 17:46:12.812009;$1,770.31;$1,756.86;$1,781.75;$493,367,636;$25,642,428
674;pax-gold;2022-11-16 18:05:28.090591;$1,772.01;$1,756.86;$1,781.75;$493,947,724;$25,772,249
675;pax-gold;2022-11-16 17:59:03.829788;$1,772.69;$1,756.86;$1,781.75;$494,974,918;$25,768,401
676;pax-gold;2022-11-16 17:52:39.254623;$1,776.17;$1,756.86;$1,781.75;$494,974,918;$25,762,278
677;pax-gold;2022-11-16 18:18:26.179425;$1,772.90;$1,756.86;$1,781.75;$493,949,500;$25,611,176
678;pax-gold;2022-11-16 17:37:53.932612;$1,770.48;$1,756.86;$1,781.75;$493,167,480;$25,549,272
679;pax-gold;2022-11-16 18:11:56.118130;$1,772.15;$1,756.86;$1,781.75;$493,949,500;$25,691,514
680;polkadot;2022-11-16 18:18:26.179425;$5.70;$5.65;$6.04;$6,681,552,490;$166,649,417
681;polkadot;2022-11-16 18:31:20.517608;$5.71;$5.65;$6.04;$6,686,830,393;$166,785,329
682;polkadot;2022-11-16 18:24:50.990833;$5.71;$5.65;$6.04;$6,686,830,393;$167,000,909
683;polkadot;2022-11-16 18:11:56.118130;$5.71;$5.65;$6.04;$6,681,552,490;$166,124,002
684;polkadot;2022-11-16 17:46:12.812009;$5.69;$5.65;$6.04;$6,659,772,421;$164,641,030
685;polkadot;2022-11-16 18:05:28.090591;$5.71;$5.65;$6.04;$6,681,792,276;$165,799,484
686;polkadot;2022-11-16 18:37:44.567425;$5.71;$5.65;$6.03;$6,679,956,943;$166,948,126
687;polkadot;2022-11-16 17:59:03.829788;$5.71;$5.65;$6.04;$6,695,127,647;$165,833,335
688;polkadot;2022-11-16 17:37:53.932612;$5.70;$5.65;$6.04;$6,656,448,233;$164,474,663
689;polkadot;2022-11-16 17:52:39.254623;$5.72;$5.65;$6.04;$6,695,127,647;$165,829,021
690;polygon;2022-11-16 18:31:20.517608;$0.894465;$0.884798;$0.969499;$7,951,724,544;$628,672,637
691;polygon;2022-11-16 18:37:44.567425;$0.895291;$0.884798;$0.969499;$7,934,369,010;$628,717,191
692;polygon;2022-11-16 17:59:03.829788;$0.895799;$0.884798;$0.969499;$7,975,383,930;$639,084,353
693;polygon;2022-11-16 18:05:28.090591;$0.894646;$0.884798;$0.969499;$7,933,079,337;$631,317,910
694;polygon;2022-11-16 17:46:12.812009;$0.895972;$0.884798;$0.969499;$7,929,912,891;$639,730,432
695;polygon;2022-11-16 17:52:39.254623;$0.899289;$0.884798;$0.969499;$7,975,383,930;$640,743,374
696;polygon;2022-11-16 18:24:50.990833;$0.895602;$0.884798;$0.969499;$7,951,724,544;$628,875,075
697;polygon;2022-11-16 18:18:26.179425;$0.895444;$0.884798;$0.969499;$7,953,218,207;$628,338,310
698;polygon;2022-11-16 17:37:53.932612;$0.895156;$0.884798;$0.969499;$7,914,256,550;$640,020,746
699;polygon;2022-11-16 18:11:56.118130;$0.896805;$0.884798;$0.969499;$7,953,218,207;$629,817,207
700;quant;2022-11-16 17:59:03.829788;$113.79;$112.41;$123.24;$1,661,972,276;$65,683,639
701;quant;2022-11-16 17:52:39.254623;$114.31;$112.41;$123.24;$1,661,972,276;$66,208,869
702;quant;2022-11-16 18:31:20.517608;$113.56;$112.41;$123.24;$1,654,786,107;$65,290,725
703;quant;2022-11-16 18:18:26.179425;$113.69;$112.41;$123.24;$1,654,150,170;$65,400,375
704;quant;2022-11-16 18:11:56.118130;$113.72;$112.41;$123.24;$1,654,150,170;$65,444,712
705;quant;2022-11-16 18:37:44.567425;$113.63;$112.41;$123.24;$1,651,366,777;$65,156,358
706;quant;2022-11-16 18:05:28.090591;$113.75;$112.41;$123.24;$1,654,209,822;$65,437,080
707;quant;2022-11-16 17:37:53.932612;$114.01;$112.41;$123.24;$1,657,126,060;$66,558,664
708;quant;2022-11-16 17:46:12.812009;$113.92;$112.41;$123.24;$1,656,436,385;$66,092,454
709;quant;2022-11-16 18:24:50.990833;$113.71;$112.41;$123.24;$1,654,786,107;$65,255,681
710;radix;2022-11-16 17:46:12.812009;$0.050045331394;$0.049879653991;$0.054059186541;$501,576,448;$552,499
711;radix;2022-11-16 18:11:56.118130;$0.049785059255;$0.049800875059;$0.054059186541;$499,578,705;$571,580
712;radix;2022-11-16 17:59:03.829788;$0.049892028814;$0.049879653991;$0.054059186541;$501,312,128;$557,908
713;radix;2022-11-16 17:37:53.932612;$0.049792801163;$0.049879653991;$0.054059186541;$502,898,664;$546,134
714;radix;2022-11-16 18:37:44.567425;$0.049094218914;$0.049107813337;$0.054059186541;$495,757,728;$572,646
715;radix;2022-11-16 18:31:20.517608;$0.049610702641;$0.049731579265;$0.054059186541;$499,284,923;$575,961
716;radix;2022-11-16 17:52:39.254623;$0.049646873186;$0.049879653991;$0.054059186541;$501,312,128;$554,367
717;radix;2022-11-16 18:24:50.990833;$0.049853693910;$0.049771589209;$0.054059186541;$499,284,923;$576,083
718;radix;2022-11-16 18:18:26.179425;$0.049761943022;$0.049781083275;$0.054059186541;$499,578,705;$574,678
719;radix;2022-11-16 18:05:28.090591;$0.049834840674;$0.049879653991;$0.054059186541;$499,893,078;$567,158
720;shiba-inu;2022-11-16 18:18:26.179425;$0.000009147614;$0.000009034286;$0.000009564071;$5,386,663,048;$280,243,785
721;shiba-inu;2022-11-16 17:52:39.254623;$0.000009150499;$0.000009034286;$0.000009564071;$5,392,745,145;$282,378,804
722;shiba-inu;2022-11-16 18:24:50.990833;$0.000009149657;$0.000009034286;$0.000009564071;$5,401,763,132;$281,372,157
723;shiba-inu;2022-11-16 18:11:56.118130;$0.000009139662;$0.000009034286;$0.000009564071;$5,386,146,190;$280,622,848
724;shiba-inu;2022-11-16 18:31:20.517608;$0.000009152882;$0.000009034286;$0.000009564071;$5,401,763,132;$280,514,842
725;shiba-inu;2022-11-16 17:46:12.812009;$0.000009112796;$0.000009034286;$0.000009564071;$5,362,962,940;$281,771,202
726;shiba-inu;2022-11-16 17:37:53.932612;$0.000009101146;$0.000009034286;$0.000009564071;$5,354,452,170;$281,498,131
727;shiba-inu;2022-11-16 18:37:44.567425;$0.000009155983;$0.000009034286;$0.000009564071;$5,396,294,889;$280,455,700
728;shiba-inu;2022-11-16 17:59:03.829788;$0.000009136837;$0.000009034286;$0.000009564071;$5,392,745,145;$282,149,700
729;shiba-inu;2022-11-16 18:05:28.090591;$0.000009139434;$0.000009034286;$0.000009564071;$5,386,146,190;$281,505,878
730;solana;2022-11-16 18:37:44.567425;$14.07;$13.80;$14.66;$5,088,798,542;$513,599,847
731;solana;2022-11-16 17:37:53.932612;$13.95;$13.80;$14.66;$5,030,262,272;$516,708,567
732;solana;2022-11-16 17:46:12.812009;$13.99;$13.80;$14.66;$5,056,719,215;$519,594,278
733;solana;2022-11-16 17:59:03.829788;$14.01;$13.80;$14.66;$5,094,069,754;$517,429,156
734;solana;2022-11-16 18:18:26.179425;$14.03;$13.80;$14.66;$5,083,374,728;$512,421,665
735;solana;2022-11-16 18:24:50.990833;$14.04;$13.80;$14.66;$5,087,840,239;$514,371,044
736;solana;2022-11-16 18:11:56.118130;$14.03;$13.80;$14.66;$5,083,374,728;$514,215,669
737;solana;2022-11-16 17:52:39.254623;$14.07;$13.80;$14.66;$5,094,069,754;$518,593,431
738;solana;2022-11-16 18:05:28.090591;$14.01;$13.80;$14.66;$5,072,478,365;$514,910,299
739;solana;2022-11-16 18:31:20.517608;$14.03;$13.80;$14.66;$5,087,840,239;$512,275,509
740;stacks;2022-11-16 17:52:39.254623;$0.238804;$0.236744;$0.266842;$321,097,322;$38,947,496
741;stacks;2022-11-16 18:37:44.567425;$0.237833;$0.236744;$0.260912;$320,266,015;$35,945,844
742;stacks;2022-11-16 18:31:20.517608;$0.237851;$0.236744;$0.260912;$320,714,390;$36,238,429
743;stacks;2022-11-16 18:05:28.090591;$0.238463;$0.236744;$0.265611;$320,599,022;$37,787,143
744;stacks;2022-11-16 17:46:12.812009;$0.238434;$0.236744;$0.267598;$320,900,954;$39,400,370
745;stacks;2022-11-16 18:24:50.990833;$0.238271;$0.236744;$0.260912;$320,714,390;$36,668,479
746;stacks;2022-11-16 17:59:03.829788;$0.238480;$0.236744;$0.265611;$321,097,322;$38,598,325
747;stacks;2022-11-16 18:11:56.118130;$0.238502;$0.236744;$0.264416;$320,551,443;$37,223,282
748;stacks;2022-11-16 17:37:53.932612;$0.238740;$0.236744;$0.267598;$321,277,695;$40,478,007
749;stacks;2022-11-16 18:18:26.179425;$0.238369;$0.236744;$0.260912;$320,551,443;$37,027,026
750;stellar;2022-11-16 18:05:28.090591;$0.090342734997;$0.089400200417;$0.094110447078;$2,317,976,527;$65,382,171
751;stellar;2022-11-16 18:31:20.517608;$0.090233680005;$0.089400200417;$0.094110447078;$2,319,759,368;$64,861,698
752;stellar;2022-11-16 17:52:39.254623;$0.090398030270;$0.089400200417;$0.094313381829;$2,319,333,951;$65,059,151
753;stellar;2022-11-16 17:46:12.812009;$0.090065808204;$0.089400200417;$0.094380065706;$2,309,179,029;$64,881,974
754;stellar;2022-11-16 18:37:44.567425;$0.090179983436;$0.089400200417;$0.093998779547;$2,315,218,163;$64,709,765
755;stellar;2022-11-16 18:24:50.990833;$0.090300897674;$0.089400200417;$0.094110447078;$2,319,759,368;$65,002,237
756;stellar;2022-11-16 18:11:56.118130;$0.090317935718;$0.089400200417;$0.094110447078;$2,317,623,466;$65,304,457
757;stellar;2022-11-16 18:18:26.179425;$0.090297110104;$0.089400200417;$0.094110447078;$2,317,623,466;$65,200,345
758;stellar;2022-11-16 17:59:03.829788;$0.090320001391;$0.089400200417;$0.094184354428;$2,319,333,951;$65,439,215
759;stellar;2022-11-16 17:37:53.932612;$0.089981616579;$0.089400200417;$0.094439551369;$2,306,670,805;$65,003,834
760;synthetix-network-token;2022-11-16 18:05:28.090591;$1.85;$1.74;$1.85;$445,461,142;$36,161,226
761;synthetix-network-token;2022-11-16 18:11:56.118130;$1.85;$1.74;$1.85;$445,337,424;$36,209,784
762;synthetix-network-token;2022-11-16 17:59:03.829788;$1.85;$1.74;$1.85;$442,978,246;$34,628,356
763;synthetix-network-token;2022-11-16 18:31:20.517608;$1.84;$1.74;$1.85;$445,119,501;$37,371,649
764;synthetix-network-token;2022-11-16 17:46:12.812009;$1.81;$1.74;$1.85;$433,078,680;$35,415,066
765;synthetix-network-token;2022-11-16 18:24:50.990833;$1.85;$1.74;$1.85;$445,119,501;$35,613,296
766;synthetix-network-token;2022-11-16 17:37:53.932612;$1.79;$1.74;$1.85;$428,448,364;$35,439,250
767;synthetix-network-token;2022-11-16 18:18:26.179425;$1.85;$1.74;$1.85;$445,337,424;$35,327,908
768;synthetix-network-token;2022-11-16 17:52:39.254623;$1.85;$1.74;$1.85;$442,978,246;$36,145,398
769;synthetix-network-token;2022-11-16 18:37:44.567425;$1.84;$1.74;$1.85;$442,884,631;$37,196,040
770;terra-luna-classic;2022-11-16 18:31:20.517608;$0.000178879859;$0.000176619816;$0.000186857321;$1,231,015,141;$139,631,157
771;terra-luna-classic;2022-11-16 18:37:44.567425;$0.000178863937;$0.000176619816;$0.000186857321;$1,230,658,730;$139,250,105
772;terra-luna-classic;2022-11-16 17:37:53.932612;$0.000178138690;$0.000176619816;$0.000187909170;$1,223,423,560;$149,092,241
773;terra-luna-classic;2022-11-16 17:59:03.829788;$0.000178933474;$0.000176619816;$0.000187146978;$1,231,760,078;$142,540,717
774;terra-luna-classic;2022-11-16 18:05:28.090591;$0.000178878349;$0.000176619816;$0.000186857321;$1,231,107,779;$142,235,602
775;terra-luna-classic;2022-11-16 18:11:56.118130;$0.000178896401;$0.000176619816;$0.000186857321;$1,230,399,982;$141,931,662
776;terra-luna-classic;2022-11-16 17:52:39.254623;$0.000179148962;$0.000176619816;$0.000187406681;$1,231,760,078;$147,099,699
777;terra-luna-classic;2022-11-16 18:24:50.990833;$0.000178837148;$0.000176619816;$0.000186857321;$1,231,015,141;$139,745,593
778;terra-luna-classic;2022-11-16 17:46:12.812009;$0.000178055500;$0.000176619816;$0.000187909170;$1,224,154,713;$147,768,004
779;terra-luna-classic;2022-11-16 18:18:26.179425;$0.000178773274;$0.000176619816;$0.000186857321;$1,230,399,982;$141,000,436
780;tether;2022-11-16 18:31:20.517608;$1.00;$0.997403;$1.00;$66,161,097,602;$38,434,545,394
781;tether;2022-11-16 18:24:50.990833;$1.00;$0.997403;$1.00;$66,161,097,602;$38,440,747,346
782;tether;2022-11-16 17:46:12.812009;$0.999462;$0.997403;$1.00;$66,023,017,547;$38,387,376,919
783;tether;2022-11-16 17:52:39.254623;$1.00;$0.997403;$1.00;$66,192,199,409;$38,542,260,614
784;tether;2022-11-16 18:11:56.118130;$1.00;$0.997403;$1.00;$66,107,282,295;$38,419,710,455
785;tether;2022-11-16 18:18:26.179425;$1.00;$0.997403;$1.00;$66,107,282,295;$38,414,811,954
786;tether;2022-11-16 18:05:28.090591;$1.00;$0.997403;$1.00;$66,111,551,710;$38,552,697,323
787;tether;2022-11-16 17:59:03.829788;$1.00;$0.997403;$1.00;$66,192,199,409;$38,546,200,505
788;tether;2022-11-16 18:37:44.567425;$1.00;$0.997403;$1.00;$66,080,476,093;$38,408,738,053
789;tether;2022-11-16 17:37:53.932612;$0.999731;$0.997403;$1.00;$66,035,091,152;$38,376,503,886
790;tether-gold;2022-11-16 17:46:12.812009;$1,711.51;$1,708.92;$1,722.52;$421,781,170;$417,769
791;tether-gold;2022-11-16 18:24:50.990833;$1,712.88;$1,708.92;$1,722.52;$422,296,813;$418,459
792;tether-gold;2022-11-16 18:31:20.517608;$1,711.31;$1,708.92;$1,722.52;$422,296,813;$416,603
793;tether-gold;2022-11-16 18:11:56.118130;$1,713.05;$1,708.92;$1,722.52;$422,379,383;$418,572
794;tether-gold;2022-11-16 17:37:53.932612;$1,710.88;$1,708.92;$1,722.52;$421,602,043;$417,725
795;tether-gold;2022-11-16 18:18:26.179425;$1,712.67;$1,708.92;$1,722.52;$422,379,383;$418,411
796;tether-gold;2022-11-16 17:52:39.254623;$1,716.79;$1,708.92;$1,722.52;$422,881,619;$419,393
797;tether-gold;2022-11-16 18:37:44.567425;$1,711.11;$1,708.92;$1,722.52;$422,149,658;$416,457
798;tether-gold;2022-11-16 17:59:03.829788;$1,716.32;$1,708.92;$1,722.52;$422,881,619;$419,061
799;tether-gold;2022-11-16 18:05:28.090591;$1,712.39;$1,708.92;$1,722.52;$421,956,151;$418,559
800;tezos;2022-11-16 18:31:20.517608;$0.984957;$0.981656;$1.04;$895,765,944;$26,093,251
801;tezos;2022-11-16 17:46:12.812009;$0.985754;$0.981656;$1.04;$893,629,024;$25,593,196
802;tezos;2022-11-16 17:37:53.932612;$0.987294;$0.981656;$1.04;$892,720,860;$24,585,705
803;tezos;2022-11-16 18:05:28.090591;$0.987071;$0.981656;$1.04;$897,029,739;$26,264,137
804;tezos;2022-11-16 18:18:26.179425;$0.985350;$0.981656;$1.04;$895,465,002;$25,978,767
805;tezos;2022-11-16 18:11:56.118130;$0.985546;$0.981656;$1.04;$895,465,002;$25,984,318
806;tezos;2022-11-16 17:52:39.254623;$0.989967;$0.981656;$1.04;$899,238,966;$25,761,679
807;tezos;2022-11-16 17:59:03.829788;$0.987749;$0.981656;$1.04;$899,238,966;$26,210,659
808;tezos;2022-11-16 18:37:44.567425;$0.984331;$0.981656;$1.04;$894,849,567;$26,047,102
809;tezos;2022-11-16 18:24:50.990833;$0.985368;$0.981656;$1.04;$895,765,944;$26,075,274
810;the-graph;2022-11-16 17:52:39.254623;$0.062224137047;$0.061214379995;$0.066476930511;$460,285,135;$20,202,285
811;the-graph;2022-11-16 18:37:44.567425;$0.062160968627;$0.061214379995;$0.066391057558;$459,739,975;$20,084,232
812;the-graph;2022-11-16 17:37:53.932612;$0.061845975446;$0.061214379995;$0.066524509288;$456,127,391;$20,166,215
813;the-graph;2022-11-16 18:11:56.118130;$0.062161331391;$0.061214379995;$0.066391057558;$460,044,861;$20,118,151
814;the-graph;2022-11-16 18:18:26.179425;$0.062210359111;$0.061214379995;$0.066391057558;$460,044,861;$20,114,900
815;the-graph;2022-11-16 17:59:03.829788;$0.062078143570;$0.061214379995;$0.066398391632;$460,285,135;$20,187,292
816;the-graph;2022-11-16 18:31:20.517608;$0.062137516331;$0.061214379995;$0.066391057558;$460,756,472;$20,113,056
817;the-graph;2022-11-16 18:24:50.990833;$0.062149166525;$0.061214379995;$0.066391057558;$460,756,472;$20,137,505
818;the-graph;2022-11-16 17:46:12.812009;$0.062007664151;$0.061214379995;$0.066524509288;$457,110,346;$20,114,336
819;the-graph;2022-11-16 18:05:28.090591;$0.062086981872;$0.061214379995;$0.066391057558;$459,438,403;$20,161,032
820;the-open-network;2022-11-16 18:11:56.118130;$1.76;$1.65;$1.75;$2,586,320,523;$6,435,305
821;the-open-network;2022-11-16 17:52:39.254623;$1.74;$1.65;$1.74;$2,568,966,687;$6,074,343
822;the-open-network;2022-11-16 18:37:44.567425;$1.74;$1.65;$1.75;$2,567,242,630;$6,507,739
823;the-open-network;2022-11-16 17:59:03.829788;$1.74;$1.65;$1.74;$2,568,966,687;$6,101,484
824;the-open-network;2022-11-16 18:18:26.179425;$1.75;$1.65;$1.75;$2,586,320,523;$6,393,456
825;the-open-network;2022-11-16 18:05:28.090591;$1.75;$1.65;$1.75;$2,572,844,176;$6,098,703
826;the-open-network;2022-11-16 17:37:53.932612;$1.74;$1.65;$1.74;$2,559,452,509;$5,988,237
827;the-open-network;2022-11-16 18:31:20.517608;$1.75;$1.65;$1.75;$2,578,189,837;$5,486,870
828;the-open-network;2022-11-16 17:46:12.812009;$1.74;$1.65;$1.74;$2,556,436,413;$6,023,542
829;the-open-network;2022-11-16 18:24:50.990833;$1.75;$1.65;$1.75;$2,578,189,837;$6,473,160
830;the-sandbox;2022-11-16 18:11:56.118130;$0.583220;$0.576133;$0.620034;$899,083,469;$105,485,427
831;the-sandbox;2022-11-16 17:52:39.254623;$0.584461;$0.576133;$0.620034;$900,865,965;$106,517,371
832;the-sandbox;2022-11-16 18:37:44.567425;$0.584834;$0.576133;$0.619588;$900,784,290;$112,418,009
833;the-sandbox;2022-11-16 18:31:20.517608;$0.584139;$0.576133;$0.620034;$899,482,073;$112,707,847
834;the-sandbox;2022-11-16 17:46:12.812009;$0.582233;$0.576133;$0.620034;$896,547,744;$107,207,979
835;the-sandbox;2022-11-16 17:59:03.829788;$0.582823;$0.576133;$0.620034;$900,865,965;$106,097,239
836;the-sandbox;2022-11-16 18:18:26.179425;$0.583953;$0.576133;$0.620034;$899,083,469;$112,774,581
837;the-sandbox;2022-11-16 17:37:53.932612;$0.582214;$0.576133;$0.620034;$893,939,094;$107,582,274
838;the-sandbox;2022-11-16 18:24:50.990833;$0.584181;$0.576133;$0.620034;$899,482,073;$112,751,427
839;the-sandbox;2022-11-16 18:05:28.090591;$0.582548;$0.576133;$0.620034;$898,067,097;$105,818,597
840;theta-network;2022-11-16 18:24:50.990833;$0.896280;$0.881726;$0.941750;$897,697,359;$21,688,860
841;theta-network;2022-11-16 18:18:26.179425;$0.895952;$0.881726;$0.941750;$896,320,900;$21,669,008
842;theta-network;2022-11-16 17:37:53.932612;$0.891341;$0.881726;$0.942689;$889,309,586;$21,783,264
843;theta-network;2022-11-16 18:37:44.567425;$0.896052;$0.881726;$0.941750;$895,749,078;$21,715,327
844;theta-network;2022-11-16 17:59:03.829788;$0.896334;$0.881726;$0.942689;$897,500,574;$21,848,917
845;theta-network;2022-11-16 18:05:28.090591;$0.895627;$0.881726;$0.942689;$896,006,971;$21,824,054
846;theta-network;2022-11-16 18:31:20.517608;$0.895518;$0.881726;$0.941750;$897,697,359;$21,695,402
847;theta-network;2022-11-16 17:46:12.812009;$0.891944;$0.881726;$0.942689;$890,491,821;$21,826,074
848;theta-network;2022-11-16 17:52:39.254623;$0.897912;$0.881726;$0.942689;$897,500,574;$21,850,066
849;theta-network;2022-11-16 18:11:56.118130;$0.896421;$0.881726;$0.941750;$896,320,900;$21,704,383
850;thorchain;2022-11-16 18:31:20.517608;$1.19;$1.18;$1.26;$359,614,969;$51,657,074
851;thorchain;2022-11-16 18:37:44.567425;$1.19;$1.18;$1.26;$359,316,030;$51,602,381
852;thorchain;2022-11-16 17:37:53.932612;$1.19;$1.18;$1.27;$356,571,496;$51,920,709
853;thorchain;2022-11-16 18:11:56.118130;$1.19;$1.18;$1.26;$358,750,344;$51,400,127
854;thorchain;2022-11-16 18:24:50.990833;$1.19;$1.18;$1.26;$359,614,969;$51,256,171
855;thorchain;2022-11-16 18:18:26.179425;$1.19;$1.18;$1.26;$358,750,344;$51,810,281
856;thorchain;2022-11-16 18:05:28.090591;$1.19;$1.18;$1.26;$358,734,594;$51,715,254
857;thorchain;2022-11-16 17:46:12.812009;$1.19;$1.18;$1.26;$357,439,587;$51,945,678
858;thorchain;2022-11-16 17:52:39.254623;$1.20;$1.18;$1.26;$359,455,985;$51,807,532
859;thorchain;2022-11-16 17:59:03.829788;$1.20;$1.18;$1.26;$359,455,985;$52,236,480
860;tokenize-xchange;2022-11-16 18:37:44.567425;$7.23;$7.22;$8.87;$577,995,947;$27,133,786
861;tokenize-xchange;2022-11-16 18:31:20.517608;$7.23;$7.22;$8.87;$579,698,774;$27,146,286
862;tokenize-xchange;2022-11-16 17:46:12.812009;$7.21;$7.23;$8.87;$578,649,492;$26,979,004
863;tokenize-xchange;2022-11-16 18:18:26.179425;$7.23;$7.22;$8.87;$578,164,216;$27,172,356
864;tokenize-xchange;2022-11-16 18:11:56.118130;$7.23;$7.22;$8.87;$578,164,216;$27,185,918
865;tokenize-xchange;2022-11-16 18:24:50.990833;$7.24;$7.22;$8.87;$579,698,774;$14,747,597
866;tokenize-xchange;2022-11-16 17:52:39.254623;$7.24;$7.23;$8.87;$579,087,634;$27,129,674
867;tokenize-xchange;2022-11-16 17:37:53.932612;$7.54;$7.50;$8.87;$600,916,868;$26,262,140
868;tokenize-xchange;2022-11-16 18:05:28.090591;$7.23;$7.22;$8.87;$578,158,001;$27,190,874
869;tokenize-xchange;2022-11-16 17:59:03.829788;$7.22;$7.23;$8.87;$579,087,634;$25,295,300
870;tron;2022-11-16 17:52:39.254623;$0.050423962547;$0.049872738416;$0.051416339309;$4,647,979,805;$372,230,153
871;tron;2022-11-16 17:59:03.829788;$0.050394519565;$0.049872738416;$0.051416339309;$4,647,979,805;$372,397,315
872;tron;2022-11-16 17:37:53.932612;$0.050185803292;$0.049872738416;$0.051416339309;$4,621,666,770;$370,319,606
873;tron;2022-11-16 18:24:50.990833;$0.050286512255;$0.049872738416;$0.051416339309;$4,640,958,335;$370,867,416
874;tron;2022-11-16 18:05:28.090591;$0.050342034940;$0.049872738416;$0.051416339309;$4,642,813,290;$372,195,225
875;tron;2022-11-16 18:31:20.517608;$0.050054449922;$0.049872738416;$0.051416339309;$4,640,958,335;$371,790,836
876;tron;2022-11-16 18:37:44.567425;$0.049983519257;$0.049872738416;$0.051416339309;$4,606,039,139;$374,484,180
877;tron;2022-11-16 18:11:56.118130;$0.050328344981;$0.049872738416;$0.051416339309;$4,639,941,530;$371,493,204
878;tron;2022-11-16 18:18:26.179425;$0.050274301814;$0.049872738416;$0.051416339309;$4,639,941,530;$371,480,170
879;tron;2022-11-16 17:46:12.812009;$0.050212194383;$0.049872738416;$0.051416339309;$4,626,594,258;$370,698,557
880;true-usd;2022-11-16 17:52:39.254623;$1.00;$0.997939;$1.01;$866,404,288;$45,173,725
881;true-usd;2022-11-16 18:11:56.118130;$1.00;$0.997939;$1.01;$865,169,618;$45,467,107
882;true-usd;2022-11-16 17:59:03.829788;$1.00;$0.997939;$1.01;$866,404,288;$45,203,900
883;true-usd;2022-11-16 18:05:28.090591;$1.00;$0.997939;$1.01;$865,169,618;$45,206,830
884;true-usd;2022-11-16 18:37:44.567425;$1.00;$0.997939;$1.01;$865,461,943;$46,037,246
885;true-usd;2022-11-16 17:46:12.812009;$1.00;$0.997939;$1.01;$864,870,940;$45,167,096
886;true-usd;2022-11-16 18:24:50.990833;$1.00;$0.997939;$1.01;$866,802,733;$45,885,125
887;true-usd;2022-11-16 17:37:53.932612;$1.00;$0.997939;$1.01;$864,885,837;$45,050,795
888;true-usd;2022-11-16 18:18:26.179425;$1.00;$0.997939;$1.01;$865,513,089;$45,836,481
889;true-usd;2022-11-16 18:31:20.517608;$1.00;$0.997939;$1.01;$866,802,733;$45,986,575
890;trust-wallet-token;2022-11-16 17:59:03.829788;$2.14;$1.83;$2.36;$889,384,041;$403,606,914
891;trust-wallet-token;2022-11-16 17:37:53.932612;$2.12;$1.83;$2.36;$882,061,227;$405,206,158
892;trust-wallet-token;2022-11-16 18:18:26.179425;$2.19;$1.83;$2.36;$912,418,946;$390,728,255
893;trust-wallet-token;2022-11-16 17:46:12.812009;$2.12;$1.83;$2.36;$880,526,939;$404,914,773
894;trust-wallet-token;2022-11-16 18:37:44.567425;$2.14;$1.83;$2.36;$912,091,851;$411,356,781
895;trust-wallet-token;2022-11-16 17:52:39.254623;$2.13;$1.83;$2.36;$889,384,041;$386,205,315
896;trust-wallet-token;2022-11-16 18:11:56.118130;$2.19;$1.83;$2.36;$912,418,946;$409,234,192
897;trust-wallet-token;2022-11-16 18:24:50.990833;$2.18;$1.83;$2.36;$912,562,502;$410,675,587
898;trust-wallet-token;2022-11-16 18:05:28.090591;$2.19;$1.83;$2.36;$907,657,002;$406,024,558
899;trust-wallet-token;2022-11-16 18:31:20.517608;$2.19;$1.83;$2.36;$912,562,502;$391,155,159
900;uniswap;2022-11-16 18:24:50.990833;$5.94;$5.87;$6.42;$4,486,207,402;$135,860,769
901;uniswap;2022-11-16 18:31:20.517608;$5.93;$5.87;$6.42;$4,486,207,402;$135,708,067
902;uniswap;2022-11-16 17:37:53.932612;$5.93;$5.87;$6.42;$4,448,532,705;$137,532,434
903;uniswap;2022-11-16 17:52:39.254623;$5.95;$5.87;$6.42;$4,481,470,338;$137,924,919
904;uniswap;2022-11-16 17:59:03.829788;$5.94;$5.87;$6.42;$4,481,470,338;$137,580,723
905;uniswap;2022-11-16 18:37:44.567425;$5.94;$5.87;$6.41;$4,474,759,985;$135,374,029
906;uniswap;2022-11-16 18:11:56.118130;$5.95;$5.87;$6.42;$4,482,911,799;$136,581,073
907;uniswap;2022-11-16 17:46:12.812009;$5.92;$5.87;$6.42;$4,460,869,231;$137,419,647
908;uniswap;2022-11-16 18:05:28.090591;$5.93;$5.87;$6.42;$4,472,599,030;$136,983,146
909;uniswap;2022-11-16 18:18:26.179425;$5.94;$5.87;$6.42;$4,482,911,799;$136,288,317
910;usd-coin;2022-11-16 17:52:39.254623;$1.00;$0.993319;$1.01;$44,404,513,341;$3,285,991,752
911;usd-coin;2022-11-16 17:46:12.812009;$1.00;$0.993319;$1.01;$44,397,384,459;$3,259,826,960
912;usd-coin;2022-11-16 18:31:20.517608;$1.00;$0.993319;$1.01;$44,430,239,285;$3,321,335,680
913;usd-coin;2022-11-16 18:18:26.179425;$1.00;$0.993319;$1.01;$44,393,385,087;$3,320,650,033
914;usd-coin;2022-11-16 18:37:44.567425;$1.00;$0.993319;$1.01;$44,506,387,695;$3,330,750,824
915;usd-coin;2022-11-16 18:24:50.990833;$1.00;$0.993319;$1.01;$44,430,239,285;$3,329,276,203
916;usd-coin;2022-11-16 17:59:03.829788;$1.00;$0.993319;$1.01;$44,404,513,341;$3,308,420,403
917;usd-coin;2022-11-16 18:11:56.118130;$1.00;$0.993319;$1.01;$44,347,496,588;$3,318,913,565
918;usd-coin;2022-11-16 17:37:53.932612;$1.00;$0.993319;$1.01;$44,373,029,136;$3,253,640,264
919;usd-coin;2022-11-16 18:05:28.090591;$1.00;$0.993319;$1.01;$44,347,496,588;$3,309,920,751
920;usdd;2022-11-16 18:24:50.990833;$0.987077;$0.983044;$0.995320;$716,108,068;$23,270,183
921;usdd;2022-11-16 18:11:56.118130;$0.986483;$0.983044;$0.995320;$715,495,212;$23,887,916
922;usdd;2022-11-16 18:05:28.090591;$0.986256;$0.983044;$0.995320;$715,091,093;$24,071,289
923;usdd;2022-11-16 17:46:12.812009;$0.984363;$0.983044;$0.995320;$715,286,533;$28,925,002
924;usdd;2022-11-16 17:52:39.254623;$0.988054;$0.983044;$0.995320;$716,235,559;$29,059,096
925;usdd;2022-11-16 17:59:03.829788;$0.986533;$0.983044;$0.995320;$716,235,559;$29,008,722
926;usdd;2022-11-16 17:37:53.932612;$0.987021;$0.983044;$0.995320;$715,060,434;$28,846,984
927;usdd;2022-11-16 18:37:44.567425;$0.986606;$0.983044;$0.995320;$715,178,986;$23,244,853
928;usdd;2022-11-16 18:31:20.517608;$0.985961;$0.983044;$0.995320;$716,108,068;$23,208,574
929;usdd;2022-11-16 18:18:26.179425;$0.986418;$0.983044;$0.995320;$715,495,212;$23,270,689
930;vechain;2022-11-16 18:18:26.179425;$0.019802706143;$0.019548129875;$0.020707220813;$1,435,789,498;$72,873,797
931;vechain;2022-11-16 17:52:39.254623;$0.019832527877;$0.019548129875;$0.020707220813;$1,437,626,464;$72,941,096
932;vechain;2022-11-16 18:24:50.990833;$0.019801389694;$0.019548129875;$0.020707220813;$1,436,741,023;$72,758,576
933;vechain;2022-11-16 17:37:53.932612;$0.019758386698;$0.019548129875;$0.020707220813;$1,427,658,348;$72,702,181
934;vechain;2022-11-16 18:11:56.118130;$0.019802664821;$0.019548129875;$0.020707220813;$1,435,789,498;$72,895,915
935;vechain;2022-11-16 18:05:28.090591;$0.019795594061;$0.019548129875;$0.020707220813;$1,435,420,238;$72,828,735
936;vechain;2022-11-16 18:37:44.567425;$0.019801087999;$0.019548129875;$0.020707220813;$1,434,909,431;$72,756,994
937;vechain;2022-11-16 17:59:03.829788;$0.019809191295;$0.019548129875;$0.020707220813;$1,437,626,464;$72,883,875
938;vechain;2022-11-16 18:31:20.517608;$0.019788331741;$0.019548129875;$0.020707220813;$1,436,741,023;$72,759,054
939;vechain;2022-11-16 17:46:12.812009;$0.019755237135;$0.019548129875;$0.020707220813;$1,431,583,359;$72,633,862
940;whitebit;2022-11-16 17:37:53.932612;$5.44;$5.44;$5.53;$660,658,614;$13,643,899
941;whitebit;2022-11-16 17:52:39.254623;$5.45;$5.44;$5.53;$662,208,934;$13,705,638
942;whitebit;2022-11-16 18:05:28.090591;$5.45;$5.44;$5.53;$661,658,018;$13,689,748
943;whitebit;2022-11-16 18:31:20.517608;$5.44;$5.44;$5.53;$661,481,258;$13,683,171
944;whitebit;2022-11-16 17:46:12.812009;$5.45;$5.44;$5.53;$661,087,551;$13,657,708
945;whitebit;2022-11-16 18:37:44.567425;$5.44;$5.44;$5.53;$660,724,592;$13,695,446
946;whitebit;2022-11-16 18:24:50.990833;$5.45;$5.44;$5.53;$661,481,258;$13,669,173
947;whitebit;2022-11-16 18:11:56.118130;$5.45;$5.44;$5.53;$661,723,846;$13,677,905
948;whitebit;2022-11-16 17:59:03.829788;$5.45;$5.44;$5.53;$662,208,934;$13,686,461
949;whitebit;2022-11-16 18:18:26.179425;$5.45;$5.44;$5.53;$661,723,846;$13,666,149
950;wrapped-bitcoin;2022-11-16 18:05:28.090591;$16,488.10;$16,376.18;$17,069.65;$3,909,186,454;$175,704,467
951;wrapped-bitcoin;2022-11-16 17:52:39.254623;$16,527.84;$16,376.18;$17,069.65;$3,912,802,045;$176,095,825
952;wrapped-bitcoin;2022-11-16 17:59:03.829788;$16,508.19;$16,376.18;$17,069.65;$3,912,802,045;$176,126,516
953;wrapped-bitcoin;2022-11-16 18:31:20.517608;$16,468.45;$16,376.18;$17,069.65;$3,909,408,399;$175,807,227
954;wrapped-bitcoin;2022-11-16 17:37:53.932612;$16,583.03;$16,376.18;$17,069.65;$3,923,454,331;$172,286,213
955;wrapped-bitcoin;2022-11-16 17:46:12.812009;$16,445.51;$16,376.18;$17,069.65;$3,908,543,994;$172,723,321
956;wrapped-bitcoin;2022-11-16 18:37:44.567425;$16,476.29;$16,376.18;$17,069.65;$3,906,347,145;$179,930,648
957;wrapped-bitcoin;2022-11-16 18:18:26.179425;$16,468.28;$16,376.18;$17,069.65;$3,906,293,481;$175,000,408
958;wrapped-bitcoin;2022-11-16 18:11:56.118130;$16,475.75;$16,376.18;$17,069.65;$3,906,293,481;$175,086,141
959;wrapped-bitcoin;2022-11-16 18:24:50.990833;$16,486.82;$16,376.18;$17,069.65;$3,909,408,399;$175,800,488
960;xdc-network;2022-11-16 17:59:03.829788;$0.024673564660;$0.024506315521;$0.026049027415;$340,594,177;$2,847,124
961;xdc-network;2022-11-16 18:11:56.118130;$0.024671047836;$0.024506315521;$0.026005083466;$340,326,481;$2,852,103
962;xdc-network;2022-11-16 18:18:26.179425;$0.024787115485;$0.024506315521;$0.026005083466;$340,326,481;$2,884,095
963;xdc-network;2022-11-16 18:37:44.567425;$0.024624425309;$0.024506315521;$0.026005083466;$339,242,214;$2,875,327
964;xdc-network;2022-11-16 18:31:20.517608;$0.024607216257;$0.024506315521;$0.026005083466;$342,162,992;$2,879,787
965;xdc-network;2022-11-16 17:52:39.254623;$0.024695374374;$0.024506315521;$0.026078450794;$340,594,177;$2,842,785
966;xdc-network;2022-11-16 17:46:12.812009;$0.024632482246;$0.024506315521;$0.026129193449;$341,327,601;$2,826,167
967;xdc-network;2022-11-16 17:37:53.932612;$0.024758167558;$0.024506315521;$0.026129193449;$340,932,506;$2,834,990
968;xdc-network;2022-11-16 18:05:28.090591;$0.024682268306;$0.024506315521;$0.026039870037;$340,344,023;$2,851,426
969;xdc-network;2022-11-16 18:24:50.990833;$0.024591190393;$0.024506315521;$0.026005083466;$342,162,992;$2,881,404
970;xrp;2022-11-16 17:46:12.812009;$0.368622;$0.366347;$0.395600;$18,494,099,678;$1,497,313,958
971;xrp;2022-11-16 18:31:20.517608;$0.370638;$0.366347;$0.393795;$18,645,125,536;$1,487,036,155
972;xrp;2022-11-16 18:24:50.990833;$0.370790;$0.366347;$0.393795;$18,645,125,536;$1,490,657,294
973;xrp;2022-11-16 17:52:39.254623;$0.370577;$0.366347;$0.394886;$18,591,727,000;$1,499,576,053
974;xrp;2022-11-16 17:37:53.932612;$0.368373;$0.366347;$0.396024;$18,489,324,042;$1,501,172,747
975;xrp;2022-11-16 18:05:28.090591;$0.369883;$0.366347;$0.394810;$18,585,902,906;$1,491,291,217
976;xrp;2022-11-16 18:18:26.179425;$0.370683;$0.366347;$0.393967;$18,609,465,422;$1,491,701,857
977;xrp;2022-11-16 17:59:03.829788;$0.370188;$0.366347;$0.394810;$18,591,727,000;$1,496,691,139
978;xrp;2022-11-16 18:37:44.567425;$0.371004;$0.366347;$0.393795;$18,621,728,880;$1,481,976,016
979;xrp;2022-11-16 18:11:56.118130;$0.370467;$0.366347;$0.394810;$18,609,465,422;$1,492,529,474
980;zcash;2022-11-16 18:37:44.567425;$39.44;$38.86;$41.58;$512,412,429;$43,212,510
981;zcash;2022-11-16 18:05:28.090591;$39.43;$38.86;$41.59;$511,842,794;$42,394,891
982;zcash;2022-11-16 17:59:03.829788;$39.42;$38.86;$41.59;$512,156,882;$42,667,645
983;zcash;2022-11-16 18:31:20.517608;$39.44;$38.86;$41.59;$512,983,532;$43,208,136
984;zcash;2022-11-16 17:37:53.932612;$39.32;$38.86;$41.59;$509,781,738;$42,488,246
985;zcash;2022-11-16 18:24:50.990833;$39.46;$38.86;$41.59;$512,983,532;$42,674,281
986;zcash;2022-11-16 17:46:12.812009;$39.31;$38.86;$41.59;$510,162,136;$42,320,792
987;zcash;2022-11-16 17:52:39.254623;$39.48;$38.86;$41.59;$512,156,882;$43,071,215
988;zcash;2022-11-16 18:18:26.179425;$39.43;$38.86;$41.59;$512,466,361;$42,348,694
989;zcash;2022-11-16 18:11:56.118130;$39.44;$38.86;$41.59;$512,466,361;$42,373,413
990;zilliqa;2022-11-16 18:05:28.090591;$0.021361729037;$0.021064324680;$0.022342740752;$322,381,351;$29,257,379
991;zilliqa;2022-11-16 18:24:50.990833;$0.021395498888;$0.021064324680;$0.022342740752;$323,206,825;$29,171,257
992;zilliqa;2022-11-16 18:18:26.179425;$0.021385451356;$0.021064324680;$0.022342740752;$322,518,303;$29,206,878
993;zilliqa;2022-11-16 18:11:56.118130;$0.021397965765;$0.021064324680;$0.022342740752;$322,518,303;$29,242,972
994;zilliqa;2022-11-16 17:59:03.829788;$0.021399422290;$0.021064324680;$0.022342740752;$322,686,472;$29,274,309
995;zilliqa;2022-11-16 17:52:39.254623;$0.021420534149;$0.021064324680;$0.022342740752;$322,686,472;$29,319,080
996;zilliqa;2022-11-16 17:46:12.812009;$0.021304624858;$0.021064324680;$0.022342740752;$320,835,497;$29,319,127
997;zilliqa;2022-11-16 17:37:53.932612;$0.021269308670;$0.021064324680;$0.022342740752;$320,137,598;$29,429,849
998;zilliqa;2022-11-16 18:31:20.517608;$0.021378996146;$0.021064324680;$0.022342740752;$323,206,825;$29,118,231
999;zilliqa;2022-11-16 18:37:44.567425;$0.021361116183;$0.021064324680;$0.022342740752;$322,212,171;$29,037,641
